date,region,prediction_confirmed,prediction_deaths
2020-04-08,AFG,444,14
2020-04-09,AFG,683,35
2020-04-10,AFG,865,38
2020-04-11,AFG,1026,41
2020-04-12,AFG,1194,45
2020-04-13,AFG,1375,50
2020-04-14,AFG,1582,55
2020-04-15,AFG,1781,61
2020-04-08,AGO,19,2
2020-04-09,AGO,204,18
2020-04-10,AGO,296,19
2020-04-11,AGO,345,20
2020-04-12,AGO,375,22
2020-04-13,AGO,394,24
2020-04-14,AGO,410,26
2020-04-15,AGO,425,29
2020-04-08,ALB,400,22
2020-04-09,ALB,584,39
2020-04-10,ALB,689,77
2020-04-11,ALB,755,105
2020-04-12,ALB,931,140
2020-04-13,ALB,1089,190
2020-04-14,ALB,1267,249
2020-04-15,ALB,1409,325
2020-04-08,AND,564,23
2020-04-09,AND,757,43
2020-04-10,AND,895,47
2020-04-11,AND,1007,51
2020-04-12,AND,1100,56
2020-04-13,AND,1188,61
2020-04-14,AND,1270,66
2020-04-15,AND,1359,72
2020-04-08,ARE,2659,12
2020-04-09,ARE,2923,75
2020-04-10,ARE,3263,86
2020-04-11,ARE,4027,95
2020-04-12,ARE,4924,105
2020-04-13,ARE,5706,114
2020-04-14,ARE,6027,124
2020-04-15,ARE,6451,135
2020-04-08,ARG,1715,63
2020-04-09,ARG,1933,93
2020-04-10,ARG,2142,101
2020-04-11,ARG,2376,111
2020-04-12,ARG,2631,123
2020-04-13,ARG,2900,135
2020-04-14,ARG,3161,146
2020-04-15,ARG,3508,163
2020-04-08,ARM,881,9
2020-04-09,ARM,1050,39
2020-04-10,ARM,1186,44
2020-04-11,ARM,1320,50
2020-04-12,ARM,1453,57
2020-04-13,ARM,1606,66
2020-04-14,ARM,1755,74
2020-04-15,ARM,1908,82
2020-04-08,ATG,19,2
2020-04-09,ATG,197,17
2020-04-10,ATG,286,18
2020-04-11,ATG,333,18
2020-04-12,ATG,358,19
2020-04-13,ATG,373,19
2020-04-14,ATG,383,20
2020-04-15,ATG,391,20
2020-04-08,AUS,6010,50
2020-04-09,AUS,6485,156
2020-04-10,AUS,7117,165
2020-04-11,AUS,7865,181
2020-04-12,AUS,8432,200
2020-04-13,AUS,8889,220
2020-04-14,AUS,9409,248
2020-04-15,AUS,9904,274
2020-04-08,AUT,12942,273
2020-04-09,AUT,13416,471
2020-04-10,AUT,13955,509
2020-04-11,AUT,14575,558
2020-04-12,AUT,15136,606
2020-04-13,AUT,15809,688
2020-04-14,AUT,16454,774
2020-04-15,AUT,17650,904
2020-04-08,AZE,822,8
2020-04-09,AZE,1009,38
2020-04-10,AZE,1145,41
2020-04-11,AZE,1266,45
2020-04-12,AZE,1383,49
2020-04-13,AZE,1497,54
2020-04-14,AZE,1628,59
2020-04-15,AZE,1748,65
2020-04-08,BEL,23403,2240
2020-04-09,BEL,24950,2488
2020-04-10,BEL,26585,2737
2020-04-11,BEL,28283,3044
2020-04-12,BEL,30105,3300
2020-04-13,BEL,31596,3552
2020-04-14,BEL,33365,3822
2020-04-15,BEL,35721,4195
2020-04-08,BEN,26,1
2020-04-09,BEN,206,17
2020-04-10,BEN,296,17
2020-04-11,BEN,342,17
2020-04-12,BEN,367,18
2020-04-13,BEN,383,19
2020-04-14,BEN,395,19
2020-04-15,BEN,403,20
2020-04-08,BFA,414,23
2020-04-09,BFA,581,39
2020-04-10,BFA,675,41
2020-04-11,BFA,734,43
2020-04-12,BFA,781,45
2020-04-13,BFA,820,47
2020-04-14,BFA,863,49
2020-04-15,BFA,902,51
2020-04-08,BGD,218,20
2020-04-09,BGD,391,34
2020-04-10,BGD,490,36
2020-04-11,BGD,555,39
2020-04-12,BGD,600,41
2020-04-13,BGD,628,43
2020-04-14,BGD,659,46
2020-04-15,BGD,686,49
2020-04-08,BGR,593,24
2020-04-09,BGR,775,45
2020-04-10,BGR,883,49
2020-04-11,BGR,958,54
2020-04-12,BGR,1009,59
2020-04-13,BGR,1060,65
2020-04-14,BGR,1111,70
2020-04-15,BGR,1178,77
2020-04-08,BHR,823,5
2020-04-09,BHR,1013,34
2020-04-10,BHR,1146,36
2020-04-11,BHR,1264,40
2020-04-12,BHR,1389,44
2020-04-13,BHR,1517,49
2020-04-14,BHR,1666,56
2020-04-15,BHR,1799,61
2020-04-08,BHS,40,7
2020-04-09,BHS,260,25
2020-04-10,BHS,374,34
2020-04-11,BHS,481,43
2020-04-12,BHS,589,50
2020-04-13,BHS,676,59
2020-04-14,BHS,760,69
2020-04-15,BHS,869,76
2020-04-08,BIH,804,34
2020-04-09,BIH,958,56
2020-04-10,BIH,1056,59
2020-04-11,BIH,1150,64
2020-04-12,BIH,1240,70
2020-04-13,BIH,1324,76
2020-04-14,BIH,1419,83
2020-04-15,BIH,1534,89
2020-04-08,BLR,1066,13
2020-04-09,BLR,1281,47
2020-04-10,BLR,1439,53
2020-04-11,BLR,1575,58
2020-04-12,BLR,1712,64
2020-04-13,BLR,1845,70
2020-04-14,BLR,2010,78
2020-04-15,BLR,2148,87
2020-04-08,BLZ,8,1
2020-04-09,BLZ,187,16
2020-04-10,BLZ,275,16
2020-04-11,BLZ,319,16
2020-04-12,BLZ,342,16
2020-04-13,BLZ,355,16
2020-04-14,BLZ,363,16
2020-04-15,BLZ,369,16
2020-04-08,BOL,210,15
2020-04-09,BOL,406,30
2020-04-10,BOL,514,32
2020-04-11,BOL,581,34
2020-04-12,BOL,631,36
2020-04-13,BOL,666,38
2020-04-14,BOL,703,41
2020-04-15,BOL,739,44
2020-04-08,BRA,16170,819
2020-04-09,BRA,17818,1070
2020-04-10,BRA,19138,1188
2020-04-11,BRA,21032,1298
2020-04-12,BRA,22591,1415
2020-04-13,BRA,24448,1559
2020-04-14,BRA,26132,1767
2020-04-15,BRA,27766,1982
2020-04-08,BRB,63,3
2020-04-09,BRB,261,23
2020-04-10,BRB,379,33
2020-04-11,BRB,487,45
2020-04-12,BRB,609,52
2020-04-13,BRB,721,61
2020-04-14,BRB,816,73
2020-04-15,BRB,936,86
2020-04-08,BRN,135,1
2020-04-09,BRN,307,19
2020-04-10,BRN,397,19
2020-04-11,BRN,448,19
2020-04-12,BRN,480,20
2020-04-13,BRN,500,20
2020-04-14,BRN,517,21
2020-04-15,BRN,529,21
2020-04-08,BTN,5,0
2020-04-09,BTN,194,16
2020-04-10,BTN,289,16
2020-04-11,BTN,338,16
2020-04-12,BTN,366,16
2020-04-13,BTN,384,17
2020-04-14,BTN,396,17
2020-04-15,BTN,407,17
2020-04-08,CAF,8,0
2020-04-09,CAF,202,16
2020-04-10,CAF,297,16
2020-04-11,CAF,348,17
2020-04-12,CAF,379,18
2020-04-13,CAF,400,18
2020-04-14,CAF,417,19
2020-04-15,CAF,433,20
2020-04-08,CAN,19141,407
2020-04-09,CAN,20415,719
2020-04-10,CAN,21786,794
2020-04-11,CAN,23677,880
2020-04-12,CAN,25892,989
2020-04-13,CAN,29106,1110
2020-04-14,CAN,31114,1227
2020-04-15,CAN,34392,1399
2020-04-08,CHE,23280,895
2020-04-09,CHE,24245,1197
2020-04-10,CHE,25422,1305
2020-04-11,CHE,26575,1396
2020-04-12,CHE,27752,1490
2020-04-13,CHE,29257,1619
2020-04-14,CHE,30421,1751
2020-04-15,CHE,31824,1923
2020-04-08,CHL,5546,48
2020-04-09,CHL,6047,153
2020-04-10,CHL,6673,175
2020-04-11,CHL,7248,202
2020-04-12,CHL,7983,238
2020-04-13,CHL,8670,270
2020-04-14,CHL,9452,318
2020-04-15,CHL,10075,367
2020-04-08,CHN,82809,3337
2020-04-09,CHN,83655,4203
2020-04-10,CHN,86071,4405
2020-04-11,CHN,88299,4592
2020-04-12,CHN,90051,4736
2020-04-13,CHN,92020,4904
2020-04-14,CHN,93583,5031
2020-04-15,CHN,94748,5124
2020-04-08,CIV,383,3
2020-04-09,CIV,545,26
2020-04-10,CIV,634,27
2020-04-11,CIV,686,29
2020-04-12,CIV,717,31
2020-04-13,CIV,742,33
2020-04-14,CIV,765,35
2020-04-15,CIV,794,38
2020-04-08,CMR,730,10
2020-04-09,CMR,876,36
2020-04-10,CMR,986,39
2020-04-11,CMR,1070,41
2020-04-12,CMR,1147,44
2020-04-13,CMR,1228,47
2020-04-14,CMR,1321,52
2020-04-15,CMR,1402,55
2020-04-08,COD,180,18
2020-04-09,COD,346,32
2020-04-10,COD,434,33
2020-04-11,COD,480,36
2020-04-12,COD,511,39
2020-04-13,COD,535,42
2020-04-14,COD,548,45
2020-04-15,COD,563,49
2020-04-08,COG,45,5
2020-04-09,COG,234,20
2020-04-10,COG,328,21
2020-04-11,COG,379,23
2020-04-12,COG,407,24
2020-04-13,COG,426,26
2020-04-14,COG,441,28
2020-04-15,COG,452,31
2020-04-08,COL,2054,54
2020-04-09,COL,2321,94
2020-04-10,COL,2627,104
2020-04-11,COL,2928,115
2020-04-12,COL,3318,130
2020-04-13,COL,3652,146
2020-04-14,COL,4017,165
2020-04-15,COL,4366,184
2020-04-08,CPV,7,1
2020-04-09,CPV,193,16
2020-04-10,CPV,281,16
2020-04-11,CPV,326,16
2020-04-12,CPV,350,16
2020-04-13,CPV,362,16
2020-04-14,CPV,369,16
2020-04-15,CPV,374,16
2020-04-08,CRI,502,3
2020-04-09,CRI,740,29
2020-04-10,CRI,904,33
2020-04-11,CRI,1051,38
2020-04-12,CRI,1192,44
2020-04-13,CRI,1328,50
2020-04-14,CRI,1478,56
2020-04-15,CRI,1641,63
2020-04-08,CUB,457,12
2020-04-09,CUB,697,34
2020-04-10,CUB,865,38
2020-04-11,CUB,1004,43
2020-04-12,CUB,1120,48
2020-04-13,CUB,1231,54
2020-04-14,CUB,1334,60
2020-04-15,CUB,1436,67
2020-04-08,CYP,526,9
2020-04-09,CYP,682,31
2020-04-10,CYP,785,33
2020-04-11,CYP,860,35
2020-04-12,CYP,929,38
2020-04-13,CYP,980,40
2020-04-14,CYP,1034,43
2020-04-15,CYP,1085,46
2020-04-08,CZE,5312,99
2020-04-09,CZE,5597,185
2020-04-10,CZE,5937,206
2020-04-11,CZE,6326,230
2020-04-12,CZE,6698,254
2020-04-13,CZE,7211,287
2020-04-14,CZE,7672,315
2020-04-15,CZE,8218,355
2020-04-08,DEU,113295,2349
2020-04-09,DEU,119489,4135
2020-04-10,DEU,126539,4626
2020-04-11,DEU,135277,5166
2020-04-12,DEU,143392,5676
2020-04-13,DEU,150246,6086
2020-04-14,DEU,160402,6427
2020-04-15,DEU,167287,7069
2020-04-08,DJI,135,0
2020-04-09,DJI,311,18
2020-04-10,DJI,409,19
2020-04-11,DJI,467,19
2020-04-12,DJI,511,20
2020-04-13,DJI,544,21
2020-04-14,DJI,568,22
2020-04-15,DJI,602,23
2020-04-08,DMA,15,0
2020-04-09,DMA,200,16
2020-04-10,DMA,290,16
2020-04-11,DMA,337,16
2020-04-12,DMA,364,16
2020-04-13,DMA,381,16
2020-04-14,DMA,394,16
2020-04-15,DMA,405,16
2020-04-08,DNK,5597,218
2020-04-09,DNK,5960,314
2020-04-10,DNK,6369,360
2020-04-11,DNK,6931,427
2020-04-12,DNK,7415,494
2020-04-13,DNK,8142,599
2020-04-14,DNK,8846,708
2020-04-15,DNK,9723,849
2020-04-08,DOM,2111,108
2020-04-09,DOM,2362,136
2020-04-10,DOM,2592,148
2020-04-11,DOM,2834,161
2020-04-12,DOM,3146,180
2020-04-13,DOM,3510,193
2020-04-14,DOM,3820,207
2020-04-15,DOM,4102,222
2020-04-08,DZA,1572,205
2020-04-09,DZA,1854,214
2020-04-10,DZA,2127,223
2020-04-11,DZA,2378,237
2020-04-12,DZA,2654,248
2020-04-13,DZA,2934,263
2020-04-14,DZA,3192,286
2020-04-15,DZA,3491,313
2020-04-08,ECU,4450,242
2020-04-09,ECU,5037,306
2020-04-10,ECU,5621,348
2020-04-11,ECU,6170,404
2020-04-12,ECU,6798,494
2020-04-13,ECU,7590,646
2020-04-14,ECU,8473,844
2020-04-15,ECU,9383,1088
2020-04-08,EGY,1560,103
2020-04-09,EGY,1776,117
2020-04-10,EGY,1983,123
2020-04-11,EGY,2166,129
2020-04-12,EGY,2345,134
2020-04-13,EGY,2545,141
2020-04-14,EGY,2779,150
2020-04-15,EGY,3041,158
2020-04-08,ERI,33,0
2020-04-09,ERI,220,16
2020-04-10,ERI,313,16
2020-04-11,ERI,361,17
2020-04-12,ERI,389,17
2020-04-13,ERI,408,17
2020-04-14,ERI,419,17
2020-04-15,ERI,430,17
2020-04-08,ESP,148220,14792
2020-04-09,ESP,156245,15483
2020-04-10,ESP,164756,16116
2020-04-11,ESP,174581,16857
2020-04-12,ESP,179796,17733
2020-04-13,ESP,187101,18603
2020-04-14,ESP,197980,19821
2020-04-15,ESP,212106,21380
2020-04-08,EST,1185,24
2020-04-09,EST,1289,56
2020-04-10,EST,1379,63
2020-04-11,EST,1437,70
2020-04-12,EST,1489,78
2020-04-13,EST,1537,86
2020-04-14,EST,1593,94
2020-04-15,EST,1661,104
2020-04-08,ETH,55,2
2020-04-09,ETH,243,18
2020-04-10,ETH,340,18
2020-04-11,ETH,393,19
2020-04-12,ETH,428,19
2020-04-13,ETH,449,20
2020-04-14,ETH,470,20
2020-04-15,ETH,487,21
2020-04-08,FIN,2487,40
2020-04-09,FIN,2758,93
2020-04-10,FIN,3065,108
2020-04-11,FIN,3643,122
2020-04-12,FIN,4108,137
2020-04-13,FIN,4523,153
2020-04-14,FIN,5068,170
2020-04-15,FIN,5611,189
2020-04-08,FJI,15,0
2020-04-09,FJI,207,16
2020-04-10,FJI,301,16
2020-04-11,FJI,349,16
2020-04-12,FJI,377,16
2020-04-13,FJI,394,16
2020-04-14,FJI,406,16
2020-04-15,FJI,417,16
2020-04-08,FRA,83057,10887
2020-04-09,FRA,88323,11538
2020-04-10,FRA,99572,12041
2020-04-11,FRA,121546,12547
2020-04-12,FRA,125143,13256
2020-04-13,FRA,127985,13752
2020-04-14,FRA,131076,14266
2020-04-15,FRA,134413,14754
2020-04-08,GAB,34,1
2020-04-09,GAB,246,17
2020-04-10,GAB,353,17
2020-04-11,GAB,412,17
2020-04-12,GAB,447,17
2020-04-13,GAB,471,18
2020-04-14,GAB,489,18
2020-04-15,GAB,505,18
2020-04-08,GBR,61474,7111
2020-04-09,GBR,64605,7964
2020-04-10,GBR,68378,8837
2020-04-11,GBR,73254,9685
2020-04-12,GBR,83408,10445
2020-04-13,GBR,91625,11255
2020-04-14,GBR,105571,12082
2020-04-15,GBR,119488,13001
2020-04-08,GEO,211,3
2020-04-09,GEO,417,23
2020-04-10,GEO,523,26
2020-04-11,GEO,586,30
2020-04-12,GEO,632,35
2020-04-13,GEO,663,40
2020-04-14,GEO,697,45
2020-04-15,GEO,736,50
2020-04-08,GHA,313,6
2020-04-09,GHA,494,26
2020-04-10,GHA,601,28
2020-04-11,GHA,665,29
2020-04-12,GHA,718,30
2020-04-13,GHA,763,32
2020-04-14,GHA,802,33
2020-04-15,GHA,854,35
2020-04-08,GIN,164,0
2020-04-09,GIN,352,19
2020-04-10,GIN,458,21
2020-04-11,GIN,522,22
2020-04-12,GIN,568,24
2020-04-13,GIN,603,26
2020-04-14,GIN,641,28
2020-04-15,GIN,671,30
2020-04-08,GMB,4,1
2020-04-09,GMB,200,16
2020-04-10,GMB,294,16
2020-04-11,GMB,342,17
2020-04-12,GMB,367,17
2020-04-13,GMB,383,17
2020-04-14,GMB,392,18
2020-04-15,GMB,399,18
2020-04-08,GNQ,18,0
2020-04-09,GNQ,214,16
2020-04-10,GNQ,308,16
2020-04-11,GNQ,358,17
2020-04-12,GNQ,386,17
2020-04-13,GNQ,404,18
2020-04-14,GNQ,417,19
2020-04-15,GNQ,428,20
2020-04-08,GRC,1884,83
2020-04-09,GRC,2056,109
2020-04-10,GRC,2250,118
2020-04-11,GRC,2458,130
2020-04-12,GRC,2705,145
2020-04-13,GRC,2941,159
2020-04-14,GRC,3140,170
2020-04-15,GRC,3391,185
2020-04-08,GRD,11,0
2020-04-09,GRD,191,16
2020-04-10,GRD,279,16
2020-04-11,GRD,324,16
2020-04-12,GRD,347,16
2020-04-13,GRD,362,16
2020-04-14,GRD,373,16
2020-04-15,GRD,381,16
2020-04-08,GTM,87,3
2020-04-09,GTM,267,19
2020-04-10,GTM,366,20
2020-04-11,GTM,424,20
2020-04-12,GTM,466,21
2020-04-13,GTM,497,21
2020-04-14,GTM,523,22
2020-04-15,GTM,547,23
2020-04-08,GUY,37,6
2020-04-09,GUY,218,21
2020-04-10,GUY,311,21
2020-04-11,GUY,363,22
2020-04-12,GUY,396,22
2020-04-13,GUY,418,23
2020-04-14,GUY,437,24
2020-04-15,GUY,454,25
2020-04-08,HND,312,22
2020-04-09,HND,523,37
2020-04-10,HND,656,39
2020-04-11,HND,766,42
2020-04-12,HND,867,44
2020-04-13,HND,971,80
2020-04-14,HND,1132,111
2020-04-15,HND,1384,142
2020-04-08,HRV,1343,19
2020-04-09,HRV,1491,56
2020-04-10,HRV,1617,61
2020-04-11,HRV,1745,69
2020-04-12,HRV,1886,76
2020-04-13,HRV,2060,85
2020-04-14,HRV,2255,95
2020-04-15,HRV,2442,142
2020-04-08,HTI,27,1
2020-04-09,HTI,214,17
2020-04-10,HTI,306,17
2020-04-11,HTI,353,17
2020-04-12,HTI,380,17
2020-04-13,HTI,398,17
2020-04-14,HTI,411,17
2020-04-15,HTI,422,17
2020-04-08,HUN,895,58
2020-04-09,HUN,1107,77
2020-04-10,HUN,1273,84
2020-04-11,HUN,1427,94
2020-04-12,HUN,1591,102
2020-04-13,HUN,1755,113
2020-04-14,HUN,1893,122
2020-04-15,HUN,2061,135
2020-04-08,IDN,2955,240
2020-04-09,IDN,3321,270
2020-04-10,IDN,3682,294
2020-04-11,IDN,4101,328
2020-04-12,IDN,4510,367
2020-04-13,IDN,5023,411
2020-04-14,IDN,5533,466
2020-04-15,IDN,6085,532
2020-04-08,IND,5916,178
2020-04-09,IND,6518,274
2020-04-10,IND,7137,304
2020-04-11,IND,7917,343
2020-04-12,IND,8568,373
2020-04-13,IND,9311,409
2020-04-14,IND,9956,452
2020-04-15,IND,10570,487
2020-04-08,IRL,6074,235
2020-04-09,IRL,6493,343
2020-04-10,IRL,7026,395
2020-04-11,IRL,7669,469
2020-04-12,IRL,8276,536
2020-04-13,IRL,8871,629
2020-04-14,IRL,9474,746
2020-04-15,IRL,10338,870
2020-04-08,IRN,64586,3993
2020-04-09,IRN,66470,4562
2020-04-10,IRN,70062,4908
2020-04-11,IRN,73336,5235
2020-04-12,IRN,77376,5643
2020-04-13,IRN,80852,5991
2020-04-14,IRN,85141,6429
2020-04-15,IRN,88589,6793
2020-04-08,IRQ,1202,69
2020-04-09,IRQ,1353,84
2020-04-10,IRQ,1508,90
2020-04-11,IRQ,1621,94
2020-04-12,IRQ,1721,99
2020-04-13,IRQ,1825,105
2020-04-14,IRQ,1943,111
2020-04-15,IRQ,2074,119
2020-04-08,ISL,1616,6
2020-04-09,ISL,1739,50
2020-04-10,ISL,1850,53
2020-04-11,ISL,1964,58
2020-04-12,ISL,2084,64
2020-04-13,ISL,2232,71
2020-04-14,ISL,2431,83
2020-04-15,ISL,2605,93
2020-04-08,ISR,9404,73
2020-04-09,ISR,9928,242
2020-04-10,ISR,10349,261
2020-04-11,ISR,10698,275
2020-04-12,ISR,11049,290
2020-04-13,ISR,11401,306
2020-04-14,ISR,11799,329
2020-04-15,ISR,12144,347
2020-04-08,ITA,139422,17669
2020-04-09,ITA,142083,17996
2020-04-10,ITA,156642,18322
2020-04-11,ITA,158322,18650
2020-04-12,ITA,159806,18976
2020-04-13,ITA,161471,19299
2020-04-14,ITA,162728,19621
2020-04-15,ITA,163891,19950
2020-04-08,JAM,63,4
2020-04-09,JAM,267,20
2020-04-10,JAM,373,21
2020-04-11,JAM,435,22
2020-04-12,JAM,476,23
2020-04-13,JAM,509,25
2020-04-14,JAM,540,27
2020-04-15,JAM,570,28
2020-04-08,JOR,358,6
2020-04-09,JOR,555,26
2020-04-10,JOR,673,27
2020-04-11,JOR,746,29
2020-04-12,JOR,800,30
2020-04-13,JOR,852,31
2020-04-14,JOR,913,33
2020-04-15,JOR,983,34
2020-04-08,JPN,4257,93
2020-04-09,JPN,4857,160
2020-04-10,JPN,5575,179
2020-04-11,JPN,6356,198
2020-04-12,JPN,7217,223
2020-04-13,JPN,7976,253
2020-04-14,JPN,8835,289
2020-04-15,JPN,9634,328
2020-04-08,KAZ,727,7
2020-04-09,KAZ,849,34
2020-04-10,KAZ,923,36
2020-04-11,KAZ,965,39
2020-04-12,KAZ,993,41
2020-04-13,KAZ,1021,45
2020-04-14,KAZ,1042,48
2020-04-15,KAZ,1081,52
2020-04-08,KEN,179,6
2020-04-09,KEN,341,23
2020-04-10,KEN,427,24
2020-04-11,KEN,473,24
2020-04-12,KEN,503,25
2020-04-13,KEN,521,25
2020-04-14,KEN,539,26
2020-04-15,KEN,556,27
2020-04-08,KGZ,270,4
2020-04-09,KGZ,432,23
2020-04-10,KGZ,525,24
2020-04-11,KGZ,576,24
2020-04-12,KGZ,609,25
2020-04-13,KGZ,635,26
2020-04-14,KGZ,655,27
2020-04-15,KGZ,673,27
2020-04-08,KHM,117,0
2020-04-09,KHM,396,18
2020-04-10,KHM,621,20
2020-04-11,KHM,798,22
2020-04-12,KHM,974,25
2020-04-13,KHM,1162,28
2020-04-14,KHM,1358,34
2020-04-15,KHM,1575,42
2020-04-08,KOR,10384,200
2020-04-09,KOR,11420,361
2020-04-10,KOR,12361,392
2020-04-11,KOR,13451,432
2020-04-12,KOR,14333,470
2020-04-13,KOR,15346,517
2020-04-14,KOR,16450,559
2020-04-15,KOR,17695,613
2020-04-08,KWT,855,1
2020-04-09,KWT,1026,33
2020-04-10,KWT,1149,35
2020-04-11,KWT,1250,73
2020-04-12,KWT,1334,101
2020-04-13,KWT,1551,134
2020-04-14,KWT,1734,178
2020-04-15,KWT,1891,224
2020-04-08,LAO,15,0
2020-04-09,LAO,187,16
2020-04-10,LAO,274,16
2020-04-11,LAO,319,16
2020-04-12,LAO,342,16
2020-04-13,LAO,356,16
2020-04-14,LAO,364,16
2020-04-15,LAO,371,16
2020-04-08,LBN,576,19
2020-04-09,LBN,791,41
2020-04-10,LBN,944,45
2020-04-11,LBN,1067,49
2020-04-12,LBN,1198,90
2020-04-13,LBN,1331,121
2020-04-14,LBN,1608,160
2020-04-15,LBN,1818,212
2020-04-08,LBR,31,4
2020-04-09,LBR,277,20
2020-04-10,LBR,413,22
2020-04-11,LBR,499,25
2020-04-12,LBR,569,28
2020-04-13,LBR,634,31
2020-04-14,LBR,702,35
2020-04-15,LBR,770,40
2020-04-08,LBY,21,1
2020-04-09,LBY,241,16
2020-04-10,LBY,359,17
2020-04-11,LBY,428,17
2020-04-12,LBY,475,17
2020-04-13,LBY,517,17
2020-04-14,LBY,563,17
2020-04-15,LBY,617,17
2020-04-08,LCA,14,0
2020-04-09,LCA,198,16
2020-04-10,LCA,291,16
2020-04-11,LCA,340,17
2020-04-12,LCA,369,17
2020-04-13,LCA,388,17
2020-04-14,LCA,403,18
2020-04-15,LCA,415,18
2020-04-08,LIE,78,1
2020-04-09,LIE,303,19
2020-04-10,LIE,418,20
2020-04-11,LIE,482,21
2020-04-12,LIE,519,23
2020-04-13,LIE,550,26
2020-04-14,LIE,584,28
2020-04-15,LIE,621,32
2020-04-08,LKA,189,7
2020-04-09,LKA,404,24
2020-04-10,LKA,532,26
2020-04-11,LKA,603,28
2020-04-12,LKA,662,31
2020-04-13,LKA,728,35
2020-04-14,LKA,805,39
2020-04-15,LKA,908,43
2020-04-08,LTU,912,15
2020-04-09,LTU,1066,45
2020-04-10,LTU,1177,50
2020-04-11,LTU,1278,58
2020-04-12,LTU,1369,65
2020-04-13,LTU,1491,110
2020-04-14,LTU,1597,147
2020-04-15,LTU,1836,190
2020-04-08,LUX,3034,46
2020-04-09,LUX,3220,106
2020-04-10,LUX,3408,116
2020-04-11,LUX,3604,127
2020-04-12,LUX,3809,140
2020-04-13,LUX,4027,154
2020-04-14,LUX,4252,169
2020-04-15,LUX,4455,218
2020-04-08,LVA,577,2
2020-04-09,LVA,736,29
2020-04-10,LVA,839,33
2020-04-11,LVA,906,37
2020-04-12,LVA,972,42
2020-04-13,LVA,1026,46
2020-04-14,LVA,1086,52
2020-04-15,LVA,1158,58
2020-04-08,MAR,1275,93
2020-04-09,MAR,1487,106
2020-04-10,MAR,1642,112
2020-04-11,MAR,1807,119
2020-04-12,MAR,1962,125
2020-04-13,MAR,2124,132
2020-04-14,MAR,2299,141
2020-04-15,MAR,2499,152
2020-04-08,MCO,81,1
2020-04-09,MCO,250,18
2020-04-10,MCO,337,18
2020-04-11,MCO,385,19
2020-04-12,MCO,412,20
2020-04-13,MCO,431,20
2020-04-14,MCO,446,22
2020-04-15,MCO,456,23
2020-04-08,MDA,1174,27
2020-04-09,MDA,1345,57
2020-04-10,MDA,1510,63
2020-04-11,MDA,1639,68
2020-04-12,MDA,1771,74
2020-04-13,MDA,1921,81
2020-04-14,MDA,2081,89
2020-04-15,MDA,2248,99
2020-04-08,MDG,92,0
2020-04-09,MDG,285,18
2020-04-10,MDG,388,19
2020-04-11,MDG,452,20
2020-04-12,MDG,494,21
2020-04-13,MDG,528,23
2020-04-14,MDG,560,25
2020-04-15,MDG,587,27
2020-04-08,MDV,19,0
2020-04-09,MDV,281,16
2020-04-10,MDV,433,17
2020-04-11,MDV,531,17
2020-04-12,MDV,607,18
2020-04-13,MDV,679,18
2020-04-14,MDV,754,19
2020-04-15,MDV,838,21
2020-04-08,MEX,2785,141
2020-04-09,MEX,3200,181
2020-04-10,MEX,3618,199
2020-04-11,MEX,3974,217
2020-04-12,MEX,4417,236
2020-04-13,MEX,4833,258
2020-04-14,MEX,5269,282
2020-04-15,MEX,5717,311
2020-04-08,MKD,617,29
2020-04-09,MKD,756,48
2020-04-10,MKD,843,52
2020-04-11,MKD,893,57
2020-04-12,MKD,934,62
2020-04-13,MKD,966,67
2020-04-14,MKD,1004,73
2020-04-15,MKD,1046,80
2020-04-08,MLT,299,1
2020-04-09,MLT,553,26
2020-04-10,MLT,701,30
2020-04-11,MLT,805,36
2020-04-12,MLT,890,42
2020-04-13,MLT,963,49
2020-04-14,MLT,1036,57
2020-04-15,MLT,1106,65
2020-04-08,MNE,248,2
2020-04-09,MNE,444,22
2020-04-10,MNE,544,23
2020-04-11,MNE,614,25
2020-04-12,MNE,662,27
2020-04-13,MNE,698,29
2020-04-14,MNE,728,31
2020-04-15,MNE,765,34
2020-04-08,MNG,16,0
2020-04-09,MNG,215,16
2020-04-10,MNG,315,18
2020-04-11,MNG,370,19
2020-04-12,MNG,403,21
2020-04-13,MNG,426,23
2020-04-14,MNG,446,26
2020-04-15,MNG,464,28
2020-04-08,MOZ,17,0
2020-04-09,MOZ,206,16
2020-04-10,MOZ,300,16
2020-04-11,MOZ,351,16
2020-04-12,MOZ,381,16
2020-04-13,MOZ,402,16
2020-04-14,MOZ,418,16
2020-04-15,MOZ,432,17
2020-04-08,MRT,5,1
2020-04-09,MRT,200,16
2020-04-10,MRT,293,17
2020-04-11,MRT,343,17
2020-04-12,MRT,372,17
2020-04-13,MRT,391,18
2020-04-14,MRT,405,19
2020-04-15,MRT,417,19
2020-04-08,MUS,273,7
2020-04-09,MUS,432,28
2020-04-10,MUS,539,36
2020-04-11,MUS,625,45
2020-04-12,MUS,707,55
2020-04-13,MUS,813,67
2020-04-14,MUS,926,85
2020-04-15,MUS,1029,107
2020-04-08,MYS,4119,65
2020-04-09,MYS,4372,135
2020-04-10,MYS,4708,147
2020-04-11,MYS,5096,164
2020-04-12,MYS,5531,184
2020-04-13,MYS,6003,209
2020-04-14,MYS,6487,239
2020-04-15,MYS,7032,317
2020-04-08,NAM,16,0
2020-04-09,NAM,243,16
2020-04-10,NAM,369,16
2020-04-11,NAM,448,17
2020-04-12,NAM,507,18
2020-04-13,NAM,558,19
2020-04-14,NAM,606,20
2020-04-15,NAM,657,21
2020-04-08,NER,342,11
2020-04-09,NER,523,30
2020-04-10,NER,642,32
2020-04-11,NER,722,35
2020-04-12,NER,790,38
2020-04-13,NER,846,40
2020-04-14,NER,905,44
2020-04-15,NER,962,48
2020-04-08,NGA,276,6
2020-04-09,NGA,501,25
2020-04-10,NGA,640,27
2020-04-11,NGA,735,28
2020-04-12,NGA,812,30
2020-04-13,NGA,881,32
2020-04-14,NGA,951,34
2020-04-15,NGA,1024,37
2020-04-08,NIC,5,1
2020-04-09,NIC,230,17
2020-04-10,NIC,368,17
2020-04-11,NIC,469,17
2020-04-12,NIC,559,18
2020-04-13,NIC,645,19
2020-04-14,NIC,733,20
2020-04-15,NIC,830,21
2020-04-08,NLD,20682,2255
2020-04-09,NLD,21753,2375
2020-04-10,NLD,22481,2471
2020-04-11,NLD,23250,2589
2020-04-12,NLD,24302,2736
2020-04-13,NLD,25460,2967
2020-04-14,NLD,26607,3197
2020-04-15,NLD,28043,3454
2020-04-08,NOR,6086,101
2020-04-09,NOR,6299,230
2020-04-10,NOR,6655,279
2020-04-11,NOR,7033,345
2020-04-12,NOR,7463,413
2020-04-13,NOR,7978,500
2020-04-14,NOR,8530,612
2020-04-15,NOR,9192,720
2020-04-08,NPL,9,0
2020-04-09,NPL,272,18
2020-04-10,NPL,437,22
2020-04-11,NPL,576,27
2020-04-12,NPL,722,33
2020-04-13,NPL,902,41
2020-04-14,NPL,1127,51
2020-04-15,NPL,1382,65
2020-04-08,NZL,1210,1
2020-04-09,NZL,1414,41
2020-04-10,NZL,1614,48
2020-04-11,NZL,1802,55
2020-04-12,NZL,2011,63
2020-04-13,NZL,2248,72
2020-04-14,NZL,2483,83
2020-04-15,NZL,2728,95
2020-04-08,OMN,419,2
2020-04-09,OMN,628,24
2020-04-10,OMN,762,25
2020-04-11,OMN,856,26
2020-04-12,OMN,942,27
2020-04-13,OMN,1022,28
2020-04-14,OMN,1114,30
2020-04-15,OMN,1200,31
2020-04-08,PAK,4263,61
2020-04-09,PAK,4560,137
2020-04-10,PAK,4913,152
2020-04-11,PAK,5237,165
2020-04-12,PAK,5553,182
2020-04-13,PAK,5962,205
2020-04-14,PAK,6331,227
2020-04-15,PAK,6795,259
2020-04-08,PAN,2249,59
2020-04-09,PAN,2500,102
2020-04-10,PAN,2764,120
2020-04-11,PAN,3049,140
2020-04-12,PAN,3439,163
2020-04-13,PAN,3775,182
2020-04-14,PAN,4171,210
2020-04-15,PAN,4540,240
2020-04-08,PER,4342,121
2020-04-09,PER,5128,207
2020-04-10,PER,5866,240
2020-04-11,PER,6622,279
2020-04-12,PER,7419,336
2020-04-13,PER,8292,460
2020-04-14,PER,9204,600
2020-04-15,PER,9973,781
2020-04-08,PHL,3870,182
2020-04-09,PHL,4108,227
2020-04-10,PHL,4356,240
2020-04-11,PHL,4723,259
2020-04-12,PHL,5090,284
2020-04-13,PHL,5462,306
2020-04-14,PHL,5889,338
2020-04-15,PHL,6331,384
2020-04-08,PNG,2,0
2020-04-09,PNG,178,15
2020-04-10,PNG,266,16
2020-04-11,PNG,311,16
2020-04-12,PNG,333,16
2020-04-13,PNG,346,16
2020-04-14,PNG,354,16
2020-04-15,PNG,358,16
2020-04-08,POL,5205,159
2020-04-09,POL,5669,238
2020-04-10,POL,6144,298
2020-04-11,POL,6677,354
2020-04-12,POL,7313,435
2020-04-13,POL,8005,508
2020-04-14,POL,8662,599
2020-04-15,POL,9287,695
2020-04-08,PRT,13141,380
2020-04-09,PRT,13899,586
2020-04-10,PRT,14731,652
2020-04-11,PRT,15565,725
2020-04-12,PRT,16673,810
2020-04-13,PRT,17627,885
2020-04-14,PRT,18809,981
2020-04-15,PRT,19601,1076
2020-04-08,PRY,119,5
2020-04-09,PRY,397,22
2020-04-10,PRY,568,24
2020-04-11,PRY,693,26
2020-04-12,PRY,799,30
2020-04-13,PRY,896,33
2020-04-14,PRY,992,37
2020-04-15,PRY,1086,41
2020-04-08,QAT,2210,6
2020-04-09,QAT,2437,90
2020-04-10,QAT,2760,131
2020-04-11,QAT,3136,165
2020-04-12,QAT,3533,217
2020-04-13,QAT,3843,263
2020-04-14,QAT,4271,332
2020-04-15,QAT,4736,404
2020-04-08,ROU,4761,220
2020-04-09,ROU,5191,283
2020-04-10,ROU,5615,306
2020-04-11,ROU,6053,334
2020-04-12,ROU,6540,362
2020-04-13,ROU,7116,399
2020-04-14,ROU,7627,430
2020-04-15,ROU,8208,471
2020-04-08,RU-AD,13,0
2020-04-08,RU-AD,13,0
2020-04-08,RU-AD,13,0
2020-04-08,RU-AD,13,0
2020-04-09,RU-AD,191,16
2020-04-09,RU-AD,191,16
2020-04-09,RU-AD,191,16
2020-04-09,RU-AD,191,16
2020-04-10,RU-AD,281,16
2020-04-10,RU-AD,281,16
2020-04-10,RU-AD,281,16
2020-04-10,RU-AD,281,16
2020-04-11,RU-AD,330,16
2020-04-11,RU-AD,330,16
2020-04-11,RU-AD,330,16
2020-04-11,RU-AD,330,16
2020-04-12,RU-AD,358,16
2020-04-12,RU-AD,358,16
2020-04-12,RU-AD,358,16
2020-04-12,RU-AD,358,16
2020-04-13,RU-AD,377,17
2020-04-13,RU-AD,377,17
2020-04-13,RU-AD,377,17
2020-04-13,RU-AD,377,17
2020-04-14,RU-AD,393,17
2020-04-14,RU-AD,393,17
2020-04-14,RU-AD,393,17
2020-04-14,RU-AD,393,17
2020-04-15,RU-AD,406,18
2020-04-15,RU-AD,406,18
2020-04-15,RU-AD,406,18
2020-04-15,RU-AD,406,18
2020-04-08,RU-ALT,18,0
2020-04-08,RU-ALT,18,0
2020-04-08,RU-ALT,18,0
2020-04-08,RU-ALT,18,0
2020-04-09,RU-ALT,195,16
2020-04-09,RU-ALT,195,16
2020-04-09,RU-ALT,195,16
2020-04-09,RU-ALT,195,16
2020-04-10,RU-ALT,285,16
2020-04-10,RU-ALT,285,16
2020-04-10,RU-ALT,285,16
2020-04-10,RU-ALT,285,16
2020-04-11,RU-ALT,335,16
2020-04-11,RU-ALT,335,16
2020-04-11,RU-ALT,335,16
2020-04-11,RU-ALT,335,16
2020-04-12,RU-ALT,363,16
2020-04-12,RU-ALT,363,16
2020-04-12,RU-ALT,363,16
2020-04-12,RU-ALT,363,16
2020-04-13,RU-ALT,381,17
2020-04-13,RU-ALT,381,17
2020-04-13,RU-ALT,381,17
2020-04-13,RU-ALT,381,17
2020-04-14,RU-ALT,396,17
2020-04-14,RU-ALT,396,17
2020-04-14,RU-ALT,396,17
2020-04-14,RU-ALT,396,17
2020-04-15,RU-ALT,409,17
2020-04-15,RU-ALT,409,17
2020-04-15,RU-ALT,409,17
2020-04-15,RU-ALT,409,17
2020-04-08,RU-AMU,4,0
2020-04-08,RU-AMU,4,0
2020-04-08,RU-AMU,4,0
2020-04-08,RU-AMU,4,0
2020-04-09,RU-AMU,186,15
2020-04-09,RU-AMU,186,15
2020-04-09,RU-AMU,186,15
2020-04-09,RU-AMU,186,15
2020-04-10,RU-AMU,277,16
2020-04-10,RU-AMU,277,16
2020-04-10,RU-AMU,277,16
2020-04-10,RU-AMU,277,16
2020-04-11,RU-AMU,324,16
2020-04-11,RU-AMU,324,16
2020-04-11,RU-AMU,324,16
2020-04-11,RU-AMU,324,16
2020-04-12,RU-AMU,350,16
2020-04-12,RU-AMU,350,16
2020-04-12,RU-AMU,350,16
2020-04-12,RU-AMU,350,16
2020-04-13,RU-AMU,367,16
2020-04-13,RU-AMU,367,16
2020-04-13,RU-AMU,367,16
2020-04-13,RU-AMU,367,16
2020-04-14,RU-AMU,379,16
2020-04-14,RU-AMU,379,16
2020-04-14,RU-AMU,379,16
2020-04-14,RU-AMU,379,16
2020-04-15,RU-AMU,389,16
2020-04-15,RU-AMU,389,16
2020-04-15,RU-AMU,389,16
2020-04-15,RU-AMU,389,16
2020-04-08,RU-ARK,14,0
2020-04-08,RU-ARK,14,0
2020-04-08,RU-ARK,14,0
2020-04-08,RU-ARK,14,0
2020-04-09,RU-ARK,202,16
2020-04-09,RU-ARK,202,16
2020-04-09,RU-ARK,202,16
2020-04-09,RU-ARK,202,16
2020-04-10,RU-ARK,296,16
2020-04-10,RU-ARK,296,16
2020-04-10,RU-ARK,296,16
2020-04-10,RU-ARK,296,16
2020-04-11,RU-ARK,346,16
2020-04-11,RU-ARK,346,16
2020-04-11,RU-ARK,346,16
2020-04-11,RU-ARK,346,16
2020-04-12,RU-ARK,375,17
2020-04-12,RU-ARK,375,17
2020-04-12,RU-ARK,375,17
2020-04-12,RU-ARK,375,17
2020-04-13,RU-ARK,396,17
2020-04-13,RU-ARK,396,17
2020-04-13,RU-ARK,396,17
2020-04-13,RU-ARK,396,17
2020-04-14,RU-ARK,411,18
2020-04-14,RU-ARK,411,18
2020-04-14,RU-ARK,411,18
2020-04-14,RU-ARK,411,18
2020-04-15,RU-ARK,424,18
2020-04-15,RU-ARK,424,18
2020-04-15,RU-ARK,424,18
2020-04-15,RU-ARK,424,18
2020-04-08,RU-AST,5,0
2020-04-08,RU-AST,5,0
2020-04-08,RU-AST,5,0
2020-04-08,RU-AST,5,0
2020-04-09,RU-AST,185,16
2020-04-09,RU-AST,185,16
2020-04-09,RU-AST,185,16
2020-04-09,RU-AST,185,16
2020-04-10,RU-AST,275,16
2020-04-10,RU-AST,275,16
2020-04-10,RU-AST,275,16
2020-04-10,RU-AST,275,16
2020-04-11,RU-AST,322,16
2020-04-11,RU-AST,322,16
2020-04-11,RU-AST,322,16
2020-04-11,RU-AST,322,16
2020-04-12,RU-AST,348,16
2020-04-12,RU-AST,348,16
2020-04-12,RU-AST,348,16
2020-04-12,RU-AST,348,16
2020-04-13,RU-AST,363,16
2020-04-13,RU-AST,363,16
2020-04-13,RU-AST,363,16
2020-04-13,RU-AST,363,16
2020-04-14,RU-AST,375,16
2020-04-14,RU-AST,375,16
2020-04-14,RU-AST,375,16
2020-04-14,RU-AST,375,16
2020-04-15,RU-AST,384,16
2020-04-15,RU-AST,384,16
2020-04-15,RU-AST,384,16
2020-04-15,RU-AST,384,16
2020-04-08,RU-BA,16,0
2020-04-08,RU-BA,16,0
2020-04-08,RU-BA,16,0
2020-04-08,RU-BA,16,0
2020-04-09,RU-BA,199,16
2020-04-09,RU-BA,199,16
2020-04-09,RU-BA,199,16
2020-04-09,RU-BA,199,16
2020-04-10,RU-BA,292,16
2020-04-10,RU-BA,292,16
2020-04-10,RU-BA,292,16
2020-04-10,RU-BA,292,16
2020-04-11,RU-BA,342,16
2020-04-11,RU-BA,342,16
2020-04-11,RU-BA,342,16
2020-04-11,RU-BA,342,16
2020-04-12,RU-BA,372,17
2020-04-12,RU-BA,372,17
2020-04-12,RU-BA,372,17
2020-04-12,RU-BA,372,17
2020-04-13,RU-BA,392,17
2020-04-13,RU-BA,392,17
2020-04-13,RU-BA,392,17
2020-04-13,RU-BA,392,17
2020-04-14,RU-BA,408,18
2020-04-14,RU-BA,408,18
2020-04-14,RU-BA,408,18
2020-04-14,RU-BA,408,18
2020-04-15,RU-BA,423,18
2020-04-15,RU-BA,423,18
2020-04-15,RU-BA,423,18
2020-04-15,RU-BA,423,18
2020-04-08,RU-BEL,18,0
2020-04-08,RU-BEL,18,0
2020-04-08,RU-BEL,18,0
2020-04-08,RU-BEL,18,0
2020-04-09,RU-BEL,202,16
2020-04-09,RU-BEL,202,16
2020-04-09,RU-BEL,202,16
2020-04-09,RU-BEL,202,16
2020-04-10,RU-BEL,295,16
2020-04-10,RU-BEL,295,16
2020-04-10,RU-BEL,295,16
2020-04-10,RU-BEL,295,16
2020-04-11,RU-BEL,346,17
2020-04-11,RU-BEL,346,17
2020-04-11,RU-BEL,346,17
2020-04-11,RU-BEL,346,17
2020-04-12,RU-BEL,376,17
2020-04-12,RU-BEL,376,17
2020-04-12,RU-BEL,376,17
2020-04-12,RU-BEL,376,17
2020-04-13,RU-BEL,396,17
2020-04-13,RU-BEL,396,17
2020-04-13,RU-BEL,396,17
2020-04-13,RU-BEL,396,17
2020-04-14,RU-BEL,413,18
2020-04-14,RU-BEL,413,18
2020-04-14,RU-BEL,413,18
2020-04-14,RU-BEL,413,18
2020-04-15,RU-BEL,428,18
2020-04-15,RU-BEL,428,18
2020-04-15,RU-BEL,428,18
2020-04-15,RU-BEL,428,18
2020-04-08,RU-BRY,57,0
2020-04-08,RU-BRY,57,0
2020-04-08,RU-BRY,57,0
2020-04-08,RU-BRY,57,0
2020-04-09,RU-BRY,239,17
2020-04-09,RU-BRY,239,17
2020-04-09,RU-BRY,239,17
2020-04-09,RU-BRY,239,17
2020-04-10,RU-BRY,334,17
2020-04-10,RU-BRY,334,17
2020-04-10,RU-BRY,334,17
2020-04-10,RU-BRY,334,17
2020-04-11,RU-BRY,389,18
2020-04-11,RU-BRY,389,18
2020-04-11,RU-BRY,389,18
2020-04-11,RU-BRY,389,18
2020-04-12,RU-BRY,427,19
2020-04-12,RU-BRY,427,19
2020-04-12,RU-BRY,427,19
2020-04-12,RU-BRY,427,19
2020-04-13,RU-BRY,455,19
2020-04-13,RU-BRY,455,19
2020-04-13,RU-BRY,455,19
2020-04-13,RU-BRY,455,19
2020-04-14,RU-BRY,479,20
2020-04-14,RU-BRY,479,20
2020-04-14,RU-BRY,479,20
2020-04-14,RU-BRY,479,20
2020-04-15,RU-BRY,499,21
2020-04-15,RU-BRY,499,21
2020-04-15,RU-BRY,499,21
2020-04-15,RU-BRY,499,21
2020-04-08,RU-BU,50,1
2020-04-08,RU-BU,50,1
2020-04-08,RU-BU,50,1
2020-04-08,RU-BU,50,1
2020-04-09,RU-BU,226,17
2020-04-09,RU-BU,226,17
2020-04-09,RU-BU,226,17
2020-04-09,RU-BU,226,17
2020-04-10,RU-BU,320,18
2020-04-10,RU-BU,320,18
2020-04-10,RU-BU,320,18
2020-04-10,RU-BU,320,18
2020-04-11,RU-BU,371,18
2020-04-11,RU-BU,371,18
2020-04-11,RU-BU,371,18
2020-04-11,RU-BU,371,18
2020-04-12,RU-BU,402,19
2020-04-12,RU-BU,402,19
2020-04-12,RU-BU,402,19
2020-04-12,RU-BU,402,19
2020-04-13,RU-BU,426,19
2020-04-13,RU-BU,426,19
2020-04-13,RU-BU,426,19
2020-04-13,RU-BU,426,19
2020-04-14,RU-BU,443,20
2020-04-14,RU-BU,443,20
2020-04-14,RU-BU,443,20
2020-04-14,RU-BU,443,20
2020-04-15,RU-BU,460,21
2020-04-15,RU-BU,460,21
2020-04-15,RU-BU,460,21
2020-04-15,RU-BU,460,21
2020-04-08,RU-CE,22,1
2020-04-08,RU-CE,22,1
2020-04-08,RU-CE,22,1
2020-04-08,RU-CE,22,1
2020-04-09,RU-CE,201,17
2020-04-09,RU-CE,201,17
2020-04-09,RU-CE,201,17
2020-04-09,RU-CE,201,17
2020-04-10,RU-CE,294,17
2020-04-10,RU-CE,294,17
2020-04-10,RU-CE,294,17
2020-04-10,RU-CE,294,17
2020-04-11,RU-CE,347,17
2020-04-11,RU-CE,347,17
2020-04-11,RU-CE,347,17
2020-04-11,RU-CE,347,17
2020-04-12,RU-CE,380,18
2020-04-12,RU-CE,380,18
2020-04-12,RU-CE,380,18
2020-04-12,RU-CE,380,18
2020-04-13,RU-CE,403,18
2020-04-13,RU-CE,403,18
2020-04-13,RU-CE,403,18
2020-04-13,RU-CE,403,18
2020-04-14,RU-CE,423,19
2020-04-14,RU-CE,423,19
2020-04-14,RU-CE,423,19
2020-04-14,RU-CE,423,19
2020-04-15,RU-CE,442,20
2020-04-15,RU-CE,442,20
2020-04-15,RU-CE,442,20
2020-04-15,RU-CE,442,20
2020-04-08,RU-CHE,32,0
2020-04-08,RU-CHE,32,0
2020-04-08,RU-CHE,32,0
2020-04-08,RU-CHE,32,0
2020-04-09,RU-CHE,219,16
2020-04-09,RU-CHE,219,16
2020-04-09,RU-CHE,219,16
2020-04-09,RU-CHE,219,16
2020-04-10,RU-CHE,314,16
2020-04-10,RU-CHE,314,16
2020-04-10,RU-CHE,314,16
2020-04-10,RU-CHE,314,16
2020-04-11,RU-CHE,366,17
2020-04-11,RU-CHE,366,17
2020-04-11,RU-CHE,366,17
2020-04-11,RU-CHE,366,17
2020-04-12,RU-CHE,398,17
2020-04-12,RU-CHE,398,17
2020-04-12,RU-CHE,398,17
2020-04-12,RU-CHE,398,17
2020-04-13,RU-CHE,421,18
2020-04-13,RU-CHE,421,18
2020-04-13,RU-CHE,421,18
2020-04-13,RU-CHE,421,18
2020-04-14,RU-CHE,438,18
2020-04-14,RU-CHE,438,18
2020-04-14,RU-CHE,438,18
2020-04-14,RU-CHE,438,18
2020-04-15,RU-CHE,455,19
2020-04-15,RU-CHE,455,19
2020-04-15,RU-CHE,455,19
2020-04-15,RU-CHE,455,19
2020-04-08,RU-CU,15,0
2020-04-08,RU-CU,15,0
2020-04-08,RU-CU,15,0
2020-04-08,RU-CU,15,0
2020-04-09,RU-CU,199,16
2020-04-09,RU-CU,199,16
2020-04-09,RU-CU,199,16
2020-04-09,RU-CU,199,16
2020-04-10,RU-CU,292,16
2020-04-10,RU-CU,292,16
2020-04-10,RU-CU,292,16
2020-04-10,RU-CU,292,16
2020-04-11,RU-CU,344,16
2020-04-11,RU-CU,344,16
2020-04-11,RU-CU,344,16
2020-04-11,RU-CU,344,16
2020-04-12,RU-CU,374,17
2020-04-12,RU-CU,374,17
2020-04-12,RU-CU,374,17
2020-04-12,RU-CU,374,17
2020-04-13,RU-CU,395,17
2020-04-13,RU-CU,395,17
2020-04-13,RU-CU,395,17
2020-04-13,RU-CU,395,17
2020-04-14,RU-CU,411,18
2020-04-14,RU-CU,411,18
2020-04-14,RU-CU,411,18
2020-04-14,RU-CU,411,18
2020-04-15,RU-CU,427,18
2020-04-15,RU-CU,427,18
2020-04-15,RU-CU,427,18
2020-04-15,RU-CU,427,18
2020-04-08,RU-DA,44,0
2020-04-08,RU-DA,44,0
2020-04-08,RU-DA,44,0
2020-04-08,RU-DA,44,0
2020-04-09,RU-DA,220,16
2020-04-09,RU-DA,220,16
2020-04-09,RU-DA,220,16
2020-04-09,RU-DA,220,16
2020-04-10,RU-DA,312,17
2020-04-10,RU-DA,312,17
2020-04-10,RU-DA,312,17
2020-04-10,RU-DA,312,17
2020-04-11,RU-DA,364,17
2020-04-11,RU-DA,364,17
2020-04-11,RU-DA,364,17
2020-04-11,RU-DA,364,17
2020-04-12,RU-DA,397,18
2020-04-12,RU-DA,397,18
2020-04-12,RU-DA,397,18
2020-04-12,RU-DA,397,18
2020-04-13,RU-DA,423,18
2020-04-13,RU-DA,423,18
2020-04-13,RU-DA,423,18
2020-04-13,RU-DA,423,18
2020-04-14,RU-DA,442,19
2020-04-14,RU-DA,442,19
2020-04-14,RU-DA,442,19
2020-04-14,RU-DA,442,19
2020-04-15,RU-DA,463,20
2020-04-15,RU-DA,463,20
2020-04-15,RU-DA,463,20
2020-04-15,RU-DA,463,20
2020-04-08,RU-IN,25,0
2020-04-08,RU-IN,25,0
2020-04-08,RU-IN,25,0
2020-04-08,RU-IN,25,0
2020-04-09,RU-IN,200,16
2020-04-09,RU-IN,200,16
2020-04-09,RU-IN,200,16
2020-04-09,RU-IN,200,16
2020-04-10,RU-IN,290,16
2020-04-10,RU-IN,290,16
2020-04-10,RU-IN,290,16
2020-04-10,RU-IN,290,16
2020-04-11,RU-IN,339,16
2020-04-11,RU-IN,339,16
2020-04-11,RU-IN,339,16
2020-04-11,RU-IN,339,16
2020-04-12,RU-IN,367,16
2020-04-12,RU-IN,367,16
2020-04-12,RU-IN,367,16
2020-04-12,RU-IN,367,16
2020-04-13,RU-IN,386,17
2020-04-13,RU-IN,386,17
2020-04-13,RU-IN,386,17
2020-04-13,RU-IN,386,17
2020-04-14,RU-IN,402,17
2020-04-14,RU-IN,402,17
2020-04-14,RU-IN,402,17
2020-04-14,RU-IN,402,17
2020-04-15,RU-IN,414,17
2020-04-15,RU-IN,414,17
2020-04-15,RU-IN,414,17
2020-04-15,RU-IN,414,17
2020-04-08,RU-IRK,14,2
2020-04-08,RU-IRK,14,2
2020-04-08,RU-IRK,14,2
2020-04-08,RU-IRK,14,2
2020-04-09,RU-IRK,198,17
2020-04-09,RU-IRK,198,17
2020-04-09,RU-IRK,198,17
2020-04-09,RU-IRK,198,17
2020-04-10,RU-IRK,290,18
2020-04-10,RU-IRK,290,18
2020-04-10,RU-IRK,290,18
2020-04-10,RU-IRK,290,18
2020-04-11,RU-IRK,338,18
2020-04-11,RU-IRK,338,18
2020-04-11,RU-IRK,338,18
2020-04-11,RU-IRK,338,18
2020-04-12,RU-IRK,365,18
2020-04-12,RU-IRK,365,18
2020-04-12,RU-IRK,365,18
2020-04-12,RU-IRK,365,18
2020-04-13,RU-IRK,384,18
2020-04-13,RU-IRK,384,18
2020-04-13,RU-IRK,384,18
2020-04-13,RU-IRK,384,18
2020-04-14,RU-IRK,399,19
2020-04-14,RU-IRK,399,19
2020-04-14,RU-IRK,399,19
2020-04-14,RU-IRK,399,19
2020-04-15,RU-IRK,411,19
2020-04-15,RU-IRK,411,19
2020-04-15,RU-IRK,411,19
2020-04-15,RU-IRK,411,19
2020-04-08,RU-IVA,47,0
2020-04-08,RU-IVA,47,0
2020-04-08,RU-IVA,47,0
2020-04-08,RU-IVA,47,0
2020-04-09,RU-IVA,232,16
2020-04-09,RU-IVA,232,16
2020-04-09,RU-IVA,232,16
2020-04-09,RU-IVA,232,16
2020-04-10,RU-IVA,328,17
2020-04-10,RU-IVA,328,17
2020-04-10,RU-IVA,328,17
2020-04-10,RU-IVA,328,17
2020-04-11,RU-IVA,382,17
2020-04-11,RU-IVA,382,17
2020-04-11,RU-IVA,382,17
2020-04-11,RU-IVA,382,17
2020-04-12,RU-IVA,416,18
2020-04-12,RU-IVA,416,18
2020-04-12,RU-IVA,416,18
2020-04-12,RU-IVA,416,18
2020-04-13,RU-IVA,442,18
2020-04-13,RU-IVA,442,18
2020-04-13,RU-IVA,442,18
2020-04-13,RU-IVA,442,18
2020-04-14,RU-IVA,460,19
2020-04-14,RU-IVA,460,19
2020-04-14,RU-IVA,460,19
2020-04-14,RU-IVA,460,19
2020-04-15,RU-IVA,481,20
2020-04-15,RU-IVA,481,20
2020-04-15,RU-IVA,481,20
2020-04-15,RU-IVA,481,20
2020-04-08,RU-KAM,2,0
2020-04-08,RU-KAM,2,0
2020-04-08,RU-KAM,2,0
2020-04-08,RU-KAM,2,0
2020-04-09,RU-KAM,182,15
2020-04-09,RU-KAM,182,15
2020-04-09,RU-KAM,182,15
2020-04-09,RU-KAM,182,15
2020-04-10,RU-KAM,270,16
2020-04-10,RU-KAM,270,16
2020-04-10,RU-KAM,270,16
2020-04-10,RU-KAM,270,16
2020-04-11,RU-KAM,315,16
2020-04-11,RU-KAM,315,16
2020-04-11,RU-KAM,315,16
2020-04-11,RU-KAM,315,16
2020-04-12,RU-KAM,340,16
2020-04-12,RU-KAM,340,16
2020-04-12,RU-KAM,340,16
2020-04-12,RU-KAM,340,16
2020-04-13,RU-KAM,353,16
2020-04-13,RU-KAM,353,16
2020-04-13,RU-KAM,353,16
2020-04-13,RU-KAM,353,16
2020-04-14,RU-KAM,362,16
2020-04-14,RU-KAM,362,16
2020-04-14,RU-KAM,362,16
2020-04-14,RU-KAM,362,16
2020-04-15,RU-KAM,369,16
2020-04-15,RU-KAM,369,16
2020-04-15,RU-KAM,369,16
2020-04-15,RU-KAM,369,16
2020-04-08,RU-KB,23,0
2020-04-08,RU-KB,23,0
2020-04-08,RU-KB,23,0
2020-04-08,RU-KB,23,0
2020-04-09,RU-KB,203,16
2020-04-09,RU-KB,203,16
2020-04-09,RU-KB,203,16
2020-04-09,RU-KB,203,16
2020-04-10,RU-KB,297,16
2020-04-10,RU-KB,297,16
2020-04-10,RU-KB,297,16
2020-04-10,RU-KB,297,16
2020-04-11,RU-KB,350,17
2020-04-11,RU-KB,350,17
2020-04-11,RU-KB,350,17
2020-04-11,RU-KB,350,17
2020-04-12,RU-KB,382,17
2020-04-12,RU-KB,382,17
2020-04-12,RU-KB,382,17
2020-04-12,RU-KB,382,17
2020-04-13,RU-KB,404,18
2020-04-13,RU-KB,404,18
2020-04-13,RU-KB,404,18
2020-04-13,RU-KB,404,18
2020-04-14,RU-KB,422,18
2020-04-14,RU-KB,422,18
2020-04-14,RU-KB,422,18
2020-04-14,RU-KB,422,18
2020-04-15,RU-KB,440,19
2020-04-15,RU-KB,440,19
2020-04-15,RU-KB,440,19
2020-04-15,RU-KB,440,19
2020-04-08,RU-KC,5,0
2020-04-08,RU-KC,5,0
2020-04-08,RU-KC,5,0
2020-04-08,RU-KC,5,0
2020-04-09,RU-KC,180,16
2020-04-09,RU-KC,178,16
2020-04-09,RU-KC,180,16
2020-04-09,RU-KC,178,16
2020-04-10,RU-KC,269,16
2020-04-10,RU-KC,265,16
2020-04-10,RU-KC,269,16
2020-04-10,RU-KC,265,16
2020-04-11,RU-KC,315,16
2020-04-11,RU-KC,308,16
2020-04-11,RU-KC,315,16
2020-04-11,RU-KC,308,16
2020-04-12,RU-KC,340,16
2020-04-12,RU-KC,330,16
2020-04-12,RU-KC,340,16
2020-04-12,RU-KC,330,16
2020-04-13,RU-KC,355,16
2020-04-13,RU-KC,342,16
2020-04-13,RU-KC,355,16
2020-04-13,RU-KC,342,16
2020-04-14,RU-KC,364,16
2020-04-14,RU-KC,349,16
2020-04-14,RU-KC,364,16
2020-04-14,RU-KC,349,16
2020-04-15,RU-KC,371,16
2020-04-15,RU-KC,353,16
2020-04-15,RU-KC,371,16
2020-04-15,RU-KC,353,16
2020-04-08,RU-KDA,85,1
2020-04-08,RU-KDA,85,1
2020-04-08,RU-KDA,85,1
2020-04-08,RU-KDA,85,1
2020-04-09,RU-KDA,260,18
2020-04-09,RU-KDA,260,18
2020-04-09,RU-KDA,260,18
2020-04-09,RU-KDA,260,18
2020-04-10,RU-KDA,354,19
2020-04-10,RU-KDA,354,19
2020-04-10,RU-KDA,354,19
2020-04-10,RU-KDA,354,19
2020-04-11,RU-KDA,410,19
2020-04-11,RU-KDA,410,19
2020-04-11,RU-KDA,410,19
2020-04-11,RU-KDA,410,19
2020-04-12,RU-KDA,450,20
2020-04-12,RU-KDA,450,20
2020-04-12,RU-KDA,450,20
2020-04-12,RU-KDA,450,20
2020-04-13,RU-KDA,478,21
2020-04-13,RU-KDA,478,21
2020-04-13,RU-KDA,478,21
2020-04-13,RU-KDA,478,21
2020-04-14,RU-KDA,502,22
2020-04-14,RU-KDA,502,22
2020-04-14,RU-KDA,502,22
2020-04-14,RU-KDA,502,22
2020-04-15,RU-KDA,522,23
2020-04-15,RU-KDA,522,23
2020-04-15,RU-KDA,522,23
2020-04-15,RU-KDA,522,23
2020-04-08,RU-KEM,7,0
2020-04-08,RU-KEM,7,0
2020-04-08,RU-KEM,7,0
2020-04-08,RU-KEM,7,0
2020-04-09,RU-KEM,201,16
2020-04-09,RU-KEM,201,16
2020-04-09,RU-KEM,201,16
2020-04-09,RU-KEM,201,16
2020-04-10,RU-KEM,297,16
2020-04-10,RU-KEM,297,16
2020-04-10,RU-KEM,297,16
2020-04-10,RU-KEM,297,16
2020-04-11,RU-KEM,349,16
2020-04-11,RU-KEM,349,16
2020-04-11,RU-KEM,349,16
2020-04-11,RU-KEM,349,16
2020-04-12,RU-KEM,380,16
2020-04-12,RU-KEM,380,16
2020-04-12,RU-KEM,380,16
2020-04-12,RU-KEM,380,16
2020-04-13,RU-KEM,398,17
2020-04-13,RU-KEM,398,17
2020-04-13,RU-KEM,398,17
2020-04-13,RU-KEM,398,17
2020-04-14,RU-KEM,413,17
2020-04-14,RU-KEM,413,17
2020-04-14,RU-KEM,413,17
2020-04-14,RU-KEM,413,17
2020-04-15,RU-KEM,427,17
2020-04-15,RU-KEM,427,17
2020-04-15,RU-KEM,427,17
2020-04-15,RU-KEM,427,17
2020-04-08,RU-KGD,49,0
2020-04-08,RU-KGD,49,0
2020-04-08,RU-KGD,49,0
2020-04-08,RU-KGD,49,0
2020-04-09,RU-KGD,235,17
2020-04-09,RU-KGD,235,17
2020-04-09,RU-KGD,235,17
2020-04-09,RU-KGD,235,17
2020-04-10,RU-KGD,333,17
2020-04-10,RU-KGD,333,17
2020-04-10,RU-KGD,333,17
2020-04-10,RU-KGD,333,17
2020-04-11,RU-KGD,387,17
2020-04-11,RU-KGD,387,17
2020-04-11,RU-KGD,387,17
2020-04-11,RU-KGD,387,17
2020-04-12,RU-KGD,424,18
2020-04-12,RU-KGD,424,18
2020-04-12,RU-KGD,424,18
2020-04-12,RU-KGD,424,18
2020-04-13,RU-KGD,452,19
2020-04-13,RU-KGD,452,19
2020-04-13,RU-KGD,452,19
2020-04-13,RU-KGD,452,19
2020-04-14,RU-KGD,474,20
2020-04-14,RU-KGD,474,20
2020-04-14,RU-KGD,474,20
2020-04-14,RU-KGD,474,20
2020-04-15,RU-KGD,494,21
2020-04-15,RU-KGD,494,21
2020-04-15,RU-KGD,494,21
2020-04-15,RU-KGD,494,21
2020-04-08,RU-KGN,2,0
2020-04-08,RU-KGN,2,0
2020-04-08,RU-KGN,2,0
2020-04-08,RU-KGN,2,0
2020-04-09,RU-KGN,188,15
2020-04-09,RU-KGN,188,15
2020-04-09,RU-KGN,188,15
2020-04-09,RU-KGN,188,15
2020-04-10,RU-KGN,281,16
2020-04-10,RU-KGN,281,16
2020-04-10,RU-KGN,281,16
2020-04-10,RU-KGN,281,16
2020-04-11,RU-KGN,330,16
2020-04-11,RU-KGN,330,16
2020-04-11,RU-KGN,330,16
2020-04-11,RU-KGN,330,16
2020-04-12,RU-KGN,359,16
2020-04-12,RU-KGN,359,16
2020-04-12,RU-KGN,359,16
2020-04-12,RU-KGN,359,16
2020-04-13,RU-KGN,378,17
2020-04-13,RU-KGN,378,17
2020-04-13,RU-KGN,378,17
2020-04-13,RU-KGN,378,17
2020-04-14,RU-KGN,391,17
2020-04-14,RU-KGN,391,17
2020-04-14,RU-KGN,391,17
2020-04-14,RU-KGN,391,17
2020-04-15,RU-KGN,404,17
2020-04-15,RU-KGN,404,17
2020-04-15,RU-KGN,404,17
2020-04-15,RU-KGN,404,17
2020-04-08,RU-KHA,23,1
2020-04-08,RU-KHA,23,1
2020-04-08,RU-KHA,23,1
2020-04-08,RU-KHA,23,1
2020-04-09,RU-KHA,215,17
2020-04-09,RU-KHA,215,17
2020-04-09,RU-KHA,215,17
2020-04-09,RU-KHA,215,17
2020-04-10,RU-KHA,311,17
2020-04-10,RU-KHA,311,17
2020-04-10,RU-KHA,311,17
2020-04-10,RU-KHA,311,17
2020-04-11,RU-KHA,365,18
2020-04-11,RU-KHA,365,18
2020-04-11,RU-KHA,365,18
2020-04-11,RU-KHA,365,18
2020-04-12,RU-KHA,397,18
2020-04-12,RU-KHA,397,18
2020-04-12,RU-KHA,397,18
2020-04-12,RU-KHA,397,18
2020-04-13,RU-KHA,420,19
2020-04-13,RU-KHA,420,19
2020-04-13,RU-KHA,420,19
2020-04-13,RU-KHA,420,19
2020-04-14,RU-KHA,438,19
2020-04-14,RU-KHA,438,19
2020-04-14,RU-KHA,438,19
2020-04-14,RU-KHA,438,19
2020-04-15,RU-KHA,455,20
2020-04-15,RU-KHA,455,20
2020-04-15,RU-KHA,455,20
2020-04-15,RU-KHA,455,20
2020-04-08,RU-KHM,41,0
2020-04-08,RU-KHM,41,0
2020-04-08,RU-KHM,41,0
2020-04-08,RU-KHM,41,0
2020-04-09,RU-KHM,236,16
2020-04-09,RU-KHM,236,16
2020-04-09,RU-KHM,236,16
2020-04-09,RU-KHM,236,16
2020-04-10,RU-KHM,338,17
2020-04-10,RU-KHM,338,17
2020-04-10,RU-KHM,338,17
2020-04-10,RU-KHM,338,17
2020-04-11,RU-KHM,395,17
2020-04-11,RU-KHM,395,17
2020-04-11,RU-KHM,395,17
2020-04-11,RU-KHM,395,17
2020-04-12,RU-KHM,431,18
2020-04-12,RU-KHM,431,18
2020-04-12,RU-KHM,431,18
2020-04-12,RU-KHM,431,18
2020-04-13,RU-KHM,458,18
2020-04-13,RU-KHM,458,18
2020-04-13,RU-KHM,458,18
2020-04-13,RU-KHM,458,18
2020-04-14,RU-KHM,482,19
2020-04-14,RU-KHM,482,19
2020-04-14,RU-KHM,482,19
2020-04-14,RU-KHM,482,19
2020-04-15,RU-KHM,502,19
2020-04-15,RU-KHM,502,19
2020-04-15,RU-KHM,502,19
2020-04-15,RU-KHM,502,19
2020-04-08,RU-KIR,20,0
2020-04-08,RU-KIR,20,0
2020-04-08,RU-KIR,20,0
2020-04-08,RU-KIR,20,0
2020-04-09,RU-KIR,206,16
2020-04-09,RU-KIR,206,16
2020-04-09,RU-KIR,206,16
2020-04-09,RU-KIR,206,16
2020-04-10,RU-KIR,300,16
2020-04-10,RU-KIR,300,16
2020-04-10,RU-KIR,300,16
2020-04-10,RU-KIR,300,16
2020-04-11,RU-KIR,351,17
2020-04-11,RU-KIR,351,17
2020-04-11,RU-KIR,351,17
2020-04-11,RU-KIR,351,17
2020-04-12,RU-KIR,381,17
2020-04-12,RU-KIR,381,17
2020-04-12,RU-KIR,381,17
2020-04-12,RU-KIR,381,17
2020-04-13,RU-KIR,402,17
2020-04-13,RU-KIR,402,17
2020-04-13,RU-KIR,402,17
2020-04-13,RU-KIR,402,17
2020-04-14,RU-KIR,418,18
2020-04-14,RU-KIR,418,18
2020-04-14,RU-KIR,418,18
2020-04-14,RU-KIR,418,18
2020-04-15,RU-KIR,432,18
2020-04-15,RU-KIR,432,18
2020-04-15,RU-KIR,432,18
2020-04-15,RU-KIR,432,18
2020-04-08,RU-KK,5,0
2020-04-08,RU-KK,5,0
2020-04-08,RU-KK,5,0
2020-04-08,RU-KK,5,0
2020-04-09,RU-KK,192,16
2020-04-09,RU-KK,192,16
2020-04-09,RU-KK,192,16
2020-04-09,RU-KK,192,16
2020-04-10,RU-KK,285,16
2020-04-10,RU-KK,285,16
2020-04-10,RU-KK,285,16
2020-04-10,RU-KK,285,16
2020-04-11,RU-KK,335,16
2020-04-11,RU-KK,335,16
2020-04-11,RU-KK,335,16
2020-04-11,RU-KK,335,16
2020-04-12,RU-KK,363,16
2020-04-12,RU-KK,363,16
2020-04-12,RU-KK,363,16
2020-04-12,RU-KK,363,16
2020-04-13,RU-KK,381,17
2020-04-13,RU-KK,381,17
2020-04-13,RU-KK,381,17
2020-04-13,RU-KK,381,17
2020-04-14,RU-KK,395,17
2020-04-14,RU-KK,395,17
2020-04-14,RU-KK,395,17
2020-04-14,RU-KK,395,17
2020-04-15,RU-KK,407,18
2020-04-15,RU-KK,407,18
2020-04-15,RU-KK,407,18
2020-04-15,RU-KK,407,18
2020-04-08,RU-KL,15,0
2020-04-08,RU-KL,15,0
2020-04-08,RU-KL,15,0
2020-04-08,RU-KL,15,0
2020-04-09,RU-KL,191,16
2020-04-09,RU-KL,191,16
2020-04-09,RU-KL,191,16
2020-04-09,RU-KL,191,16
2020-04-10,RU-KL,282,16
2020-04-10,RU-KL,282,16
2020-04-10,RU-KL,282,16
2020-04-10,RU-KL,282,16
2020-04-11,RU-KL,330,16
2020-04-11,RU-KL,330,16
2020-04-11,RU-KL,330,16
2020-04-11,RU-KL,330,16
2020-04-12,RU-KL,359,16
2020-04-12,RU-KL,359,16
2020-04-12,RU-KL,359,16
2020-04-12,RU-KL,359,16
2020-04-13,RU-KL,378,17
2020-04-13,RU-KL,378,17
2020-04-13,RU-KL,378,17
2020-04-13,RU-KL,378,17
2020-04-14,RU-KL,393,17
2020-04-14,RU-KL,393,17
2020-04-14,RU-KL,393,17
2020-04-14,RU-KL,393,17
2020-04-15,RU-KL,407,17
2020-04-15,RU-KL,407,17
2020-04-15,RU-KL,407,17
2020-04-15,RU-KL,407,17
2020-04-08,RU-KLU,11,0
2020-04-08,RU-KLU,11,0
2020-04-08,RU-KLU,11,0
2020-04-08,RU-KLU,11,0
2020-04-09,RU-KLU,198,16
2020-04-09,RU-KLU,198,16
2020-04-09,RU-KLU,198,16
2020-04-09,RU-KLU,198,16
2020-04-10,RU-KLU,293,16
2020-04-10,RU-KLU,293,16
2020-04-10,RU-KLU,293,16
2020-04-10,RU-KLU,293,16
2020-04-11,RU-KLU,343,16
2020-04-11,RU-KLU,343,16
2020-04-11,RU-KLU,343,16
2020-04-11,RU-KLU,343,16
2020-04-12,RU-KLU,372,17
2020-04-12,RU-KLU,372,17
2020-04-12,RU-KLU,372,17
2020-04-12,RU-KLU,372,17
2020-04-13,RU-KLU,392,17
2020-04-13,RU-KLU,392,17
2020-04-13,RU-KLU,392,17
2020-04-13,RU-KLU,392,17
2020-04-14,RU-KLU,407,17
2020-04-14,RU-KLU,407,17
2020-04-14,RU-KLU,407,17
2020-04-14,RU-KLU,407,17
2020-04-15,RU-KLU,420,18
2020-04-15,RU-KLU,420,18
2020-04-15,RU-KLU,420,18
2020-04-15,RU-KLU,420,18
2020-04-08,RU-KO,119,3
2020-04-08,RU-KO,119,3
2020-04-08,RU-KO,119,3
2020-04-08,RU-KO,119,3
2020-04-09,RU-KO,293,20
2020-04-09,RU-KO,293,20
2020-04-09,RU-KO,293,20
2020-04-09,RU-KO,293,20
2020-04-10,RU-KO,387,21
2020-04-10,RU-KO,387,21
2020-04-10,RU-KO,387,21
2020-04-10,RU-KO,387,21
2020-04-11,RU-KO,441,21
2020-04-11,RU-KO,441,21
2020-04-11,RU-KO,441,21
2020-04-11,RU-KO,441,21
2020-04-12,RU-KO,478,22
2020-04-12,RU-KO,478,22
2020-04-12,RU-KO,478,22
2020-04-12,RU-KO,478,22
2020-04-13,RU-KO,503,23
2020-04-13,RU-KO,503,23
2020-04-13,RU-KO,503,23
2020-04-13,RU-KO,503,23
2020-04-14,RU-KO,526,24
2020-04-14,RU-KO,526,24
2020-04-14,RU-KO,526,24
2020-04-14,RU-KO,526,24
2020-04-15,RU-KO,545,25
2020-04-15,RU-KO,545,25
2020-04-15,RU-KO,545,25
2020-04-15,RU-KO,545,25
2020-04-08,RU-KOS,9,1
2020-04-08,RU-KOS,9,1
2020-04-08,RU-KOS,9,1
2020-04-08,RU-KOS,9,1
2020-04-09,RU-KOS,192,16
2020-04-09,RU-KOS,192,16
2020-04-09,RU-KOS,192,16
2020-04-09,RU-KOS,192,16
2020-04-10,RU-KOS,283,16
2020-04-10,RU-KOS,283,16
2020-04-10,RU-KOS,283,16
2020-04-10,RU-KOS,283,16
2020-04-11,RU-KOS,331,16
2020-04-11,RU-KOS,331,16
2020-04-11,RU-KOS,331,16
2020-04-11,RU-KOS,331,16
2020-04-12,RU-KOS,358,17
2020-04-12,RU-KOS,358,17
2020-04-12,RU-KOS,358,17
2020-04-12,RU-KOS,358,17
2020-04-13,RU-KOS,374,17
2020-04-13,RU-KOS,374,17
2020-04-13,RU-KOS,374,17
2020-04-13,RU-KOS,374,17
2020-04-14,RU-KOS,387,17
2020-04-14,RU-KOS,387,17
2020-04-14,RU-KOS,387,17
2020-04-14,RU-KOS,387,17
2020-04-15,RU-KOS,398,17
2020-04-15,RU-KOS,398,17
2020-04-15,RU-KOS,398,17
2020-04-15,RU-KOS,398,17
2020-04-08,RU-KR,2,0
2020-04-08,RU-KR,2,0
2020-04-08,RU-KR,2,0
2020-04-08,RU-KR,2,0
2020-04-09,RU-KR,183,15
2020-04-09,RU-KR,183,15
2020-04-09,RU-KR,183,15
2020-04-09,RU-KR,183,15
2020-04-10,RU-KR,272,16
2020-04-10,RU-KR,272,16
2020-04-10,RU-KR,272,16
2020-04-10,RU-KR,272,16
2020-04-11,RU-KR,317,16
2020-04-11,RU-KR,317,16
2020-04-11,RU-KR,317,16
2020-04-11,RU-KR,317,16
2020-04-12,RU-KR,342,16
2020-04-12,RU-KR,342,16
2020-04-12,RU-KR,342,16
2020-04-12,RU-KR,342,16
2020-04-13,RU-KR,356,16
2020-04-13,RU-KR,356,16
2020-04-13,RU-KR,356,16
2020-04-13,RU-KR,356,16
2020-04-14,RU-KR,365,16
2020-04-14,RU-KR,365,16
2020-04-14,RU-KR,365,16
2020-04-14,RU-KR,365,16
2020-04-15,RU-KR,372,16
2020-04-15,RU-KR,372,16
2020-04-15,RU-KR,372,16
2020-04-15,RU-KR,372,16
2020-04-08,RU-KRS,10,0
2020-04-08,RU-KRS,10,0
2020-04-08,RU-KRS,10,0
2020-04-08,RU-KRS,10,0
2020-04-09,RU-KRS,189,16
2020-04-09,RU-KRS,189,16
2020-04-09,RU-KRS,189,16
2020-04-09,RU-KRS,189,16
2020-04-10,RU-KRS,278,16
2020-04-10,RU-KRS,278,16
2020-04-10,RU-KRS,278,16
2020-04-10,RU-KRS,278,16
2020-04-11,RU-KRS,326,16
2020-04-11,RU-KRS,326,16
2020-04-11,RU-KRS,326,16
2020-04-11,RU-KRS,326,16
2020-04-12,RU-KRS,352,16
2020-04-12,RU-KRS,352,16
2020-04-12,RU-KRS,352,16
2020-04-12,RU-KRS,352,16
2020-04-13,RU-KRS,368,16
2020-04-13,RU-KRS,368,16
2020-04-13,RU-KRS,368,16
2020-04-13,RU-KRS,368,16
2020-04-14,RU-KRS,380,16
2020-04-14,RU-KRS,380,16
2020-04-14,RU-KRS,380,16
2020-04-14,RU-KRS,380,16
2020-04-15,RU-KRS,390,16
2020-04-15,RU-KRS,390,16
2020-04-15,RU-KRS,390,16
2020-04-15,RU-KRS,390,16
2020-04-08,RU-KYA,39,0
2020-04-08,RU-KYA,39,0
2020-04-08,RU-KYA,39,0
2020-04-08,RU-KYA,39,0
2020-04-09,RU-KYA,222,16
2020-04-09,RU-KYA,222,16
2020-04-09,RU-KYA,222,16
2020-04-09,RU-KYA,222,16
2020-04-10,RU-KYA,316,17
2020-04-10,RU-KYA,316,17
2020-04-10,RU-KYA,316,17
2020-04-10,RU-KYA,316,17
2020-04-11,RU-KYA,368,17
2020-04-11,RU-KYA,368,17
2020-04-11,RU-KYA,368,17
2020-04-11,RU-KYA,368,17
2020-04-12,RU-KYA,401,18
2020-04-12,RU-KYA,401,18
2020-04-12,RU-KYA,401,18
2020-04-12,RU-KYA,401,18
2020-04-13,RU-KYA,423,18
2020-04-13,RU-KYA,423,18
2020-04-13,RU-KYA,423,18
2020-04-13,RU-KYA,423,18
2020-04-14,RU-KYA,442,19
2020-04-14,RU-KYA,442,19
2020-04-14,RU-KYA,442,19
2020-04-14,RU-KYA,442,19
2020-04-15,RU-KYA,459,19
2020-04-15,RU-KYA,459,19
2020-04-15,RU-KYA,459,19
2020-04-15,RU-KYA,459,19
2020-04-08,RU-LEN,94,0
2020-04-08,RU-LEN,94,0
2020-04-08,RU-LEN,94,0
2020-04-08,RU-LEN,94,0
2020-04-09,RU-LEN,269,17
2020-04-09,RU-LEN,269,17
2020-04-09,RU-LEN,269,17
2020-04-09,RU-LEN,269,17
2020-04-10,RU-LEN,363,18
2020-04-10,RU-LEN,363,18
2020-04-10,RU-LEN,363,18
2020-04-10,RU-LEN,363,18
2020-04-11,RU-LEN,416,19
2020-04-11,RU-LEN,416,19
2020-04-11,RU-LEN,416,19
2020-04-11,RU-LEN,416,19
2020-04-12,RU-LEN,451,19
2020-04-12,RU-LEN,451,19
2020-04-12,RU-LEN,451,19
2020-04-12,RU-LEN,451,19
2020-04-13,RU-LEN,478,21
2020-04-13,RU-LEN,478,21
2020-04-13,RU-LEN,478,21
2020-04-13,RU-LEN,478,21
2020-04-14,RU-LEN,504,22
2020-04-14,RU-LEN,504,22
2020-04-14,RU-LEN,504,22
2020-04-14,RU-LEN,504,22
2020-04-15,RU-LEN,527,23
2020-04-15,RU-LEN,527,23
2020-04-15,RU-LEN,527,23
2020-04-15,RU-LEN,527,23
2020-04-08,RU-LIP,44,0
2020-04-08,RU-LIP,44,0
2020-04-08,RU-LIP,44,0
2020-04-08,RU-LIP,44,0
2020-04-09,RU-LIP,225,16
2020-04-09,RU-LIP,225,16
2020-04-09,RU-LIP,225,16
2020-04-09,RU-LIP,225,16
2020-04-10,RU-LIP,319,17
2020-04-10,RU-LIP,319,17
2020-04-10,RU-LIP,319,17
2020-04-10,RU-LIP,319,17
2020-04-11,RU-LIP,373,18
2020-04-11,RU-LIP,373,18
2020-04-11,RU-LIP,373,18
2020-04-11,RU-LIP,373,18
2020-04-12,RU-LIP,406,18
2020-04-12,RU-LIP,406,18
2020-04-12,RU-LIP,406,18
2020-04-12,RU-LIP,406,18
2020-04-13,RU-LIP,430,19
2020-04-13,RU-LIP,430,19
2020-04-13,RU-LIP,430,19
2020-04-13,RU-LIP,430,19
2020-04-14,RU-LIP,451,19
2020-04-14,RU-LIP,451,19
2020-04-14,RU-LIP,451,19
2020-04-14,RU-LIP,451,19
2020-04-15,RU-LIP,470,20
2020-04-15,RU-LIP,470,20
2020-04-15,RU-LIP,470,20
2020-04-15,RU-LIP,470,20
2020-04-08,RU-MAG,1,0
2020-04-08,RU-MAG,1,0
2020-04-08,RU-MAG,1,0
2020-04-08,RU-MAG,1,0
2020-04-09,RU-MAG,197,15
2020-04-09,RU-MAG,197,15
2020-04-09,RU-MAG,197,15
2020-04-09,RU-MAG,197,15
2020-04-10,RU-MAG,294,16
2020-04-10,RU-MAG,294,16
2020-04-10,RU-MAG,294,16
2020-04-10,RU-MAG,294,16
2020-04-11,RU-MAG,344,16
2020-04-11,RU-MAG,344,16
2020-04-11,RU-MAG,344,16
2020-04-11,RU-MAG,344,16
2020-04-12,RU-MAG,372,16
2020-04-12,RU-MAG,372,16
2020-04-12,RU-MAG,372,16
2020-04-12,RU-MAG,372,16
2020-04-13,RU-MAG,389,16
2020-04-13,RU-MAG,389,16
2020-04-13,RU-MAG,389,16
2020-04-13,RU-MAG,389,16
2020-04-14,RU-MAG,404,16
2020-04-14,RU-MAG,404,16
2020-04-14,RU-MAG,404,16
2020-04-14,RU-MAG,404,16
2020-04-15,RU-MAG,416,16
2020-04-15,RU-MAG,416,16
2020-04-15,RU-MAG,416,16
2020-04-15,RU-MAG,416,16
2020-04-08,RU-ME,40,0
2020-04-08,RU-ME,40,0
2020-04-08,RU-ME,40,0
2020-04-08,RU-ME,40,0
2020-04-09,RU-ME,216,16
2020-04-09,RU-ME,216,16
2020-04-09,RU-ME,216,16
2020-04-09,RU-ME,216,16
2020-04-10,RU-ME,309,17
2020-04-10,RU-ME,309,17
2020-04-10,RU-ME,309,17
2020-04-10,RU-ME,309,17
2020-04-11,RU-ME,361,17
2020-04-11,RU-ME,361,17
2020-04-11,RU-ME,361,17
2020-04-11,RU-ME,361,17
2020-04-12,RU-ME,393,17
2020-04-12,RU-ME,393,17
2020-04-12,RU-ME,393,17
2020-04-12,RU-ME,393,17
2020-04-13,RU-ME,414,17
2020-04-13,RU-ME,414,17
2020-04-13,RU-ME,414,17
2020-04-13,RU-ME,414,17
2020-04-14,RU-ME,432,18
2020-04-14,RU-ME,432,18
2020-04-14,RU-ME,432,18
2020-04-14,RU-ME,432,18
2020-04-15,RU-ME,450,19
2020-04-15,RU-ME,450,19
2020-04-15,RU-ME,450,19
2020-04-15,RU-ME,450,19
2020-04-08,RU-MO,13,0
2020-04-08,RU-MO,13,0
2020-04-08,RU-MO,13,0
2020-04-08,RU-MO,13,0
2020-04-09,RU-MO,195,16
2020-04-09,RU-MO,195,16
2020-04-09,RU-MO,195,16
2020-04-09,RU-MO,195,16
2020-04-10,RU-MO,287,16
2020-04-10,RU-MO,287,16
2020-04-10,RU-MO,287,16
2020-04-10,RU-MO,287,16
2020-04-11,RU-MO,336,16
2020-04-11,RU-MO,336,16
2020-04-11,RU-MO,336,16
2020-04-11,RU-MO,336,16
2020-04-12,RU-MO,365,16
2020-04-12,RU-MO,365,16
2020-04-12,RU-MO,365,16
2020-04-12,RU-MO,365,16
2020-04-13,RU-MO,384,17
2020-04-13,RU-MO,384,17
2020-04-13,RU-MO,384,17
2020-04-13,RU-MO,384,17
2020-04-14,RU-MO,399,17
2020-04-14,RU-MO,399,17
2020-04-14,RU-MO,399,17
2020-04-14,RU-MO,399,17
2020-04-15,RU-MO,413,18
2020-04-15,RU-MO,413,18
2020-04-15,RU-MO,413,18
2020-04-15,RU-MO,413,18
2020-04-08,RU-MOS,549,10
2020-04-08,RU-MOS,549,10
2020-04-08,RU-MOS,549,10
2020-04-08,RU-MOS,549,10
2020-04-09,RU-MOS,745,35
2020-04-09,RU-MOS,745,35
2020-04-09,RU-MOS,745,35
2020-04-09,RU-MOS,745,35
2020-04-10,RU-MOS,880,40
2020-04-10,RU-MOS,880,40
2020-04-10,RU-MOS,880,40
2020-04-10,RU-MOS,880,40
2020-04-11,RU-MOS,973,43
2020-04-11,RU-MOS,973,43
2020-04-11,RU-MOS,973,43
2020-04-11,RU-MOS,973,43
2020-04-12,RU-MOS,1046,46
2020-04-12,RU-MOS,1046,46
2020-04-12,RU-MOS,1046,46
2020-04-12,RU-MOS,1046,46
2020-04-13,RU-MOS,1118,50
2020-04-13,RU-MOS,1118,50
2020-04-13,RU-MOS,1118,50
2020-04-13,RU-MOS,1118,50
2020-04-14,RU-MOS,1179,54
2020-04-14,RU-MOS,1179,54
2020-04-14,RU-MOS,1179,54
2020-04-14,RU-MOS,1179,54
2020-04-15,RU-MOS,1249,59
2020-04-15,RU-MOS,1249,59
2020-04-15,RU-MOS,1249,59
2020-04-15,RU-MOS,1249,59
2020-04-08,RU-MOW,5840,31
2020-04-08,RU-MOW,5840,31
2020-04-08,RU-MOW,5840,31
2020-04-08,RU-MOW,5840,31
2020-04-09,RU-MOW,6426,153
2020-04-09,RU-MOW,6426,153
2020-04-09,RU-MOW,6426,153
2020-04-09,RU-MOW,6426,153
2020-04-10,RU-MOW,6889,171
2020-04-10,RU-MOW,6889,171
2020-04-10,RU-MOW,6889,171
2020-04-10,RU-MOW,6889,171
2020-04-11,RU-MOW,7436,201
2020-04-11,RU-MOW,7436,201
2020-04-11,RU-MOW,7436,201
2020-04-11,RU-MOW,7436,201
2020-04-12,RU-MOW,8033,224
2020-04-12,RU-MOW,8033,224
2020-04-12,RU-MOW,8033,224
2020-04-12,RU-MOW,8033,224
2020-04-13,RU-MOW,8530,240
2020-04-13,RU-MOW,8530,240
2020-04-13,RU-MOW,8530,240
2020-04-13,RU-MOW,8530,240
2020-04-14,RU-MOW,8868,252
2020-04-14,RU-MOW,8868,252
2020-04-14,RU-MOW,8868,252
2020-04-14,RU-MOW,8868,252
2020-04-15,RU-MOW,9207,264
2020-04-15,RU-MOW,9207,264
2020-04-15,RU-MOW,9207,264
2020-04-15,RU-MOW,9207,264
2020-04-08,RU-MUR,43,0
2020-04-08,RU-MUR,43,0
2020-04-08,RU-MUR,43,0
2020-04-08,RU-MUR,43,0
2020-04-09,RU-MUR,239,16
2020-04-09,RU-MUR,239,16
2020-04-09,RU-MUR,239,16
2020-04-09,RU-MUR,239,16
2020-04-10,RU-MUR,341,17
2020-04-10,RU-MUR,341,17
2020-04-10,RU-MUR,341,17
2020-04-10,RU-MUR,341,17
2020-04-11,RU-MUR,399,17
2020-04-11,RU-MUR,399,17
2020-04-11,RU-MUR,399,17
2020-04-11,RU-MUR,399,17
2020-04-12,RU-MUR,434,18
2020-04-12,RU-MUR,434,18
2020-04-12,RU-MUR,434,18
2020-04-12,RU-MUR,434,18
2020-04-13,RU-MUR,461,18
2020-04-13,RU-MUR,461,18
2020-04-13,RU-MUR,461,18
2020-04-13,RU-MUR,461,18
2020-04-14,RU-MUR,485,19
2020-04-14,RU-MUR,485,19
2020-04-14,RU-MUR,485,19
2020-04-14,RU-MUR,485,19
2020-04-15,RU-MUR,506,20
2020-04-15,RU-MUR,506,20
2020-04-15,RU-MUR,506,20
2020-04-15,RU-MUR,506,20
2020-04-08,RU-NGR,5,0
2020-04-08,RU-NGR,5,0
2020-04-08,RU-NGR,5,0
2020-04-08,RU-NGR,5,0
2020-04-09,RU-NGR,192,16
2020-04-09,RU-NGR,192,16
2020-04-09,RU-NGR,192,16
2020-04-09,RU-NGR,192,16
2020-04-10,RU-NGR,286,16
2020-04-10,RU-NGR,286,16
2020-04-10,RU-NGR,286,16
2020-04-10,RU-NGR,286,16
2020-04-11,RU-NGR,335,16
2020-04-11,RU-NGR,335,16
2020-04-11,RU-NGR,335,16
2020-04-11,RU-NGR,335,16
2020-04-12,RU-NGR,363,16
2020-04-12,RU-NGR,363,16
2020-04-12,RU-NGR,363,16
2020-04-12,RU-NGR,363,16
2020-04-13,RU-NGR,381,17
2020-04-13,RU-NGR,381,17
2020-04-13,RU-NGR,381,17
2020-04-13,RU-NGR,381,17
2020-04-14,RU-NGR,395,17
2020-04-14,RU-NGR,395,17
2020-04-14,RU-NGR,395,17
2020-04-14,RU-NGR,395,17
2020-04-15,RU-NGR,407,18
2020-04-15,RU-NGR,407,18
2020-04-15,RU-NGR,407,18
2020-04-15,RU-NGR,407,18
2020-04-08,RU-NIZ,80,0
2020-04-08,RU-NIZ,80,0
2020-04-08,RU-NIZ,80,0
2020-04-08,RU-NIZ,80,0
2020-04-09,RU-NIZ,260,17
2020-04-09,RU-NIZ,260,17
2020-04-09,RU-NIZ,260,17
2020-04-09,RU-NIZ,260,17
2020-04-10,RU-NIZ,355,18
2020-04-10,RU-NIZ,355,18
2020-04-10,RU-NIZ,355,18
2020-04-10,RU-NIZ,355,18
2020-04-11,RU-NIZ,412,18
2020-04-11,RU-NIZ,412,18
2020-04-11,RU-NIZ,412,18
2020-04-11,RU-NIZ,412,18
2020-04-12,RU-NIZ,448,19
2020-04-12,RU-NIZ,448,19
2020-04-12,RU-NIZ,448,19
2020-04-12,RU-NIZ,448,19
2020-04-13,RU-NIZ,474,20
2020-04-13,RU-NIZ,474,20
2020-04-13,RU-NIZ,474,20
2020-04-13,RU-NIZ,474,20
2020-04-14,RU-NIZ,497,21
2020-04-14,RU-NIZ,497,21
2020-04-14,RU-NIZ,497,21
2020-04-14,RU-NIZ,497,21
2020-04-15,RU-NIZ,516,22
2020-04-15,RU-NIZ,516,22
2020-04-15,RU-NIZ,516,22
2020-04-15,RU-NIZ,516,22
2020-04-08,RU-NVS,13,0
2020-04-08,RU-NVS,13,0
2020-04-08,RU-NVS,13,0
2020-04-08,RU-NVS,13,0
2020-04-09,RU-NVS,202,16
2020-04-09,RU-NVS,202,16
2020-04-09,RU-NVS,202,16
2020-04-09,RU-NVS,202,16
2020-04-10,RU-NVS,296,16
2020-04-10,RU-NVS,296,16
2020-04-10,RU-NVS,296,16
2020-04-10,RU-NVS,296,16
2020-04-11,RU-NVS,346,16
2020-04-11,RU-NVS,346,16
2020-04-11,RU-NVS,346,16
2020-04-11,RU-NVS,346,16
2020-04-12,RU-NVS,376,17
2020-04-12,RU-NVS,376,17
2020-04-12,RU-NVS,376,17
2020-04-12,RU-NVS,376,17
2020-04-13,RU-NVS,396,17
2020-04-13,RU-NVS,396,17
2020-04-13,RU-NVS,396,17
2020-04-13,RU-NVS,396,17
2020-04-14,RU-NVS,412,17
2020-04-14,RU-NVS,412,17
2020-04-14,RU-NVS,412,17
2020-04-14,RU-NVS,412,17
2020-04-15,RU-NVS,425,18
2020-04-15,RU-NVS,425,18
2020-04-15,RU-NVS,425,18
2020-04-15,RU-NVS,425,18
2020-04-08,RU-OMS,15,0
2020-04-08,RU-OMS,15,0
2020-04-08,RU-OMS,15,0
2020-04-08,RU-OMS,15,0
2020-04-09,RU-OMS,197,16
2020-04-09,RU-OMS,197,16
2020-04-09,RU-OMS,197,16
2020-04-09,RU-OMS,197,16
2020-04-10,RU-OMS,288,16
2020-04-10,RU-OMS,288,16
2020-04-10,RU-OMS,288,16
2020-04-10,RU-OMS,288,16
2020-04-11,RU-OMS,336,16
2020-04-11,RU-OMS,336,16
2020-04-11,RU-OMS,336,16
2020-04-11,RU-OMS,336,16
2020-04-12,RU-OMS,363,16
2020-04-12,RU-OMS,363,16
2020-04-12,RU-OMS,363,16
2020-04-12,RU-OMS,363,16
2020-04-13,RU-OMS,382,16
2020-04-13,RU-OMS,382,16
2020-04-13,RU-OMS,382,16
2020-04-13,RU-OMS,382,16
2020-04-14,RU-OMS,395,17
2020-04-14,RU-OMS,395,17
2020-04-14,RU-OMS,395,17
2020-04-14,RU-OMS,395,17
2020-04-15,RU-OMS,408,17
2020-04-15,RU-OMS,408,17
2020-04-15,RU-OMS,408,17
2020-04-15,RU-OMS,408,17
2020-04-08,RU-ORE,22,1
2020-04-08,RU-ORE,22,1
2020-04-08,RU-ORE,22,1
2020-04-08,RU-ORE,22,1
2020-04-09,RU-ORE,204,17
2020-04-09,RU-ORE,204,17
2020-04-09,RU-ORE,204,17
2020-04-09,RU-ORE,204,17
2020-04-10,RU-ORE,297,17
2020-04-10,RU-ORE,297,17
2020-04-10,RU-ORE,297,17
2020-04-10,RU-ORE,297,17
2020-04-11,RU-ORE,349,17
2020-04-11,RU-ORE,349,17
2020-04-11,RU-ORE,349,17
2020-04-11,RU-ORE,349,17
2020-04-12,RU-ORE,380,18
2020-04-12,RU-ORE,380,18
2020-04-12,RU-ORE,380,18
2020-04-12,RU-ORE,380,18
2020-04-13,RU-ORE,401,18
2020-04-13,RU-ORE,401,18
2020-04-13,RU-ORE,401,18
2020-04-13,RU-ORE,401,18
2020-04-14,RU-ORE,418,19
2020-04-14,RU-ORE,418,19
2020-04-14,RU-ORE,418,19
2020-04-14,RU-ORE,418,19
2020-04-15,RU-ORE,435,20
2020-04-15,RU-ORE,435,20
2020-04-15,RU-ORE,435,20
2020-04-15,RU-ORE,435,20
2020-04-08,RU-ORL,11,0
2020-04-08,RU-ORL,11,0
2020-04-08,RU-ORL,11,0
2020-04-08,RU-ORL,11,0
2020-04-09,RU-ORL,197,16
2020-04-09,RU-ORL,197,16
2020-04-09,RU-ORL,197,16
2020-04-09,RU-ORL,197,16
2020-04-10,RU-ORL,290,16
2020-04-10,RU-ORL,290,16
2020-04-10,RU-ORL,290,16
2020-04-10,RU-ORL,290,16
2020-04-11,RU-ORL,340,16
2020-04-11,RU-ORL,340,16
2020-04-11,RU-ORL,340,16
2020-04-11,RU-ORL,340,16
2020-04-12,RU-ORL,369,17
2020-04-12,RU-ORL,369,17
2020-04-12,RU-ORL,369,17
2020-04-12,RU-ORL,369,17
2020-04-13,RU-ORL,389,17
2020-04-13,RU-ORL,389,17
2020-04-13,RU-ORL,389,17
2020-04-13,RU-ORL,389,17
2020-04-14,RU-ORL,404,18
2020-04-14,RU-ORL,404,18
2020-04-14,RU-ORL,404,18
2020-04-14,RU-ORL,404,18
2020-04-15,RU-ORL,418,18
2020-04-15,RU-ORL,418,18
2020-04-15,RU-ORL,418,18
2020-04-15,RU-ORL,418,18
2020-04-08,RU-PER,32,2
2020-04-08,RU-PER,32,2
2020-04-08,RU-PER,32,2
2020-04-08,RU-PER,32,2
2020-04-09,RU-PER,217,17
2020-04-09,RU-PER,217,17
2020-04-09,RU-PER,217,17
2020-04-09,RU-PER,217,17
2020-04-10,RU-PER,311,18
2020-04-10,RU-PER,311,18
2020-04-10,RU-PER,311,18
2020-04-10,RU-PER,311,18
2020-04-11,RU-PER,363,18
2020-04-11,RU-PER,363,18
2020-04-11,RU-PER,363,18
2020-04-11,RU-PER,363,18
2020-04-12,RU-PER,396,19
2020-04-12,RU-PER,396,19
2020-04-12,RU-PER,396,19
2020-04-12,RU-PER,396,19
2020-04-13,RU-PER,419,19
2020-04-13,RU-PER,419,19
2020-04-13,RU-PER,419,19
2020-04-13,RU-PER,419,19
2020-04-14,RU-PER,437,20
2020-04-14,RU-PER,437,20
2020-04-14,RU-PER,437,20
2020-04-14,RU-PER,437,20
2020-04-15,RU-PER,456,20
2020-04-15,RU-PER,456,20
2020-04-15,RU-PER,456,20
2020-04-15,RU-PER,456,20
2020-04-08,RU-PNZ,52,1
2020-04-08,RU-PNZ,52,1
2020-04-08,RU-PNZ,52,1
2020-04-08,RU-PNZ,52,1
2020-04-09,RU-PNZ,233,17
2020-04-09,RU-PNZ,233,17
2020-04-09,RU-PNZ,233,17
2020-04-09,RU-PNZ,233,17
2020-04-10,RU-PNZ,328,18
2020-04-10,RU-PNZ,328,18
2020-04-10,RU-PNZ,328,18
2020-04-10,RU-PNZ,328,18
2020-04-11,RU-PNZ,381,18
2020-04-11,RU-PNZ,381,18
2020-04-11,RU-PNZ,381,18
2020-04-11,RU-PNZ,381,18
2020-04-12,RU-PNZ,416,19
2020-04-12,RU-PNZ,416,19
2020-04-12,RU-PNZ,416,19
2020-04-12,RU-PNZ,416,19
2020-04-13,RU-PNZ,443,19
2020-04-13,RU-PNZ,443,19
2020-04-13,RU-PNZ,443,19
2020-04-13,RU-PNZ,443,19
2020-04-14,RU-PNZ,463,20
2020-04-14,RU-PNZ,463,20
2020-04-14,RU-PNZ,463,20
2020-04-14,RU-PNZ,463,20
2020-04-15,RU-PNZ,482,21
2020-04-15,RU-PNZ,482,21
2020-04-15,RU-PNZ,482,21
2020-04-15,RU-PNZ,482,21
2020-04-08,RU-PRI,15,2
2020-04-08,RU-PRI,15,2
2020-04-08,RU-PRI,15,2
2020-04-08,RU-PRI,15,2
2020-04-09,RU-PRI,203,17
2020-04-09,RU-PRI,203,17
2020-04-09,RU-PRI,203,17
2020-04-09,RU-PRI,203,17
2020-04-10,RU-PRI,298,17
2020-04-10,RU-PRI,298,17
2020-04-10,RU-PRI,298,17
2020-04-10,RU-PRI,298,17
2020-04-11,RU-PRI,348,18
2020-04-11,RU-PRI,348,18
2020-04-11,RU-PRI,348,18
2020-04-11,RU-PRI,348,18
2020-04-12,RU-PRI,379,18
2020-04-12,RU-PRI,379,18
2020-04-12,RU-PRI,379,18
2020-04-12,RU-PRI,379,18
2020-04-13,RU-PRI,400,19
2020-04-13,RU-PRI,400,19
2020-04-13,RU-PRI,400,19
2020-04-13,RU-PRI,400,19
2020-04-14,RU-PRI,416,19
2020-04-14,RU-PRI,416,19
2020-04-14,RU-PRI,416,19
2020-04-14,RU-PRI,416,19
2020-04-15,RU-PRI,430,20
2020-04-15,RU-PRI,430,20
2020-04-15,RU-PRI,430,20
2020-04-15,RU-PRI,430,20
2020-04-08,RU-PSK,14,2
2020-04-08,RU-PSK,14,2
2020-04-08,RU-PSK,14,2
2020-04-08,RU-PSK,14,2
2020-04-09,RU-PSK,200,17
2020-04-09,RU-PSK,200,17
2020-04-09,RU-PSK,200,17
2020-04-09,RU-PSK,200,17
2020-04-10,RU-PSK,293,17
2020-04-10,RU-PSK,293,17
2020-04-10,RU-PSK,293,17
2020-04-10,RU-PSK,293,17
2020-04-11,RU-PSK,343,18
2020-04-11,RU-PSK,343,18
2020-04-11,RU-PSK,343,18
2020-04-11,RU-PSK,343,18
2020-04-12,RU-PSK,372,18
2020-04-12,RU-PSK,372,18
2020-04-12,RU-PSK,372,18
2020-04-12,RU-PSK,372,18
2020-04-13,RU-PSK,392,18
2020-04-13,RU-PSK,392,18
2020-04-13,RU-PSK,392,18
2020-04-13,RU-PSK,392,18
2020-04-14,RU-PSK,407,19
2020-04-14,RU-PSK,407,19
2020-04-14,RU-PSK,407,19
2020-04-14,RU-PSK,407,19
2020-04-15,RU-PSK,420,19
2020-04-15,RU-PSK,420,19
2020-04-15,RU-PSK,420,19
2020-04-15,RU-PSK,420,19
2020-04-08,RU-ROS,21,0
2020-04-08,RU-ROS,21,0
2020-04-08,RU-ROS,21,0
2020-04-08,RU-ROS,21,0
2020-04-09,RU-ROS,205,16
2020-04-09,RU-ROS,205,16
2020-04-09,RU-ROS,205,16
2020-04-09,RU-ROS,205,16
2020-04-10,RU-ROS,299,16
2020-04-10,RU-ROS,299,16
2020-04-10,RU-ROS,299,16
2020-04-10,RU-ROS,299,16
2020-04-11,RU-ROS,351,16
2020-04-11,RU-ROS,351,16
2020-04-11,RU-ROS,351,16
2020-04-11,RU-ROS,351,16
2020-04-12,RU-ROS,382,17
2020-04-12,RU-ROS,382,17
2020-04-12,RU-ROS,382,17
2020-04-12,RU-ROS,382,17
2020-04-13,RU-ROS,403,17
2020-04-13,RU-ROS,403,17
2020-04-13,RU-ROS,403,17
2020-04-13,RU-ROS,403,17
2020-04-14,RU-ROS,420,18
2020-04-14,RU-ROS,420,18
2020-04-14,RU-ROS,420,18
2020-04-14,RU-ROS,420,18
2020-04-15,RU-ROS,437,18
2020-04-15,RU-ROS,437,18
2020-04-15,RU-ROS,437,18
2020-04-15,RU-ROS,437,18
2020-04-08,RU-RYA,32,0
2020-04-08,RU-RYA,32,0
2020-04-08,RU-RYA,32,0
2020-04-08,RU-RYA,32,0
2020-04-09,RU-RYA,216,16
2020-04-09,RU-RYA,216,16
2020-04-09,RU-RYA,216,16
2020-04-09,RU-RYA,216,16
2020-04-10,RU-RYA,310,17
2020-04-10,RU-RYA,310,17
2020-04-10,RU-RYA,310,17
2020-04-10,RU-RYA,310,17
2020-04-11,RU-RYA,362,17
2020-04-11,RU-RYA,362,17
2020-04-11,RU-RYA,362,17
2020-04-11,RU-RYA,362,17
2020-04-12,RU-RYA,394,17
2020-04-12,RU-RYA,394,17
2020-04-12,RU-RYA,394,17
2020-04-12,RU-RYA,394,17
2020-04-13,RU-RYA,418,18
2020-04-13,RU-RYA,418,18
2020-04-13,RU-RYA,418,18
2020-04-13,RU-RYA,418,18
2020-04-14,RU-RYA,436,19
2020-04-14,RU-RYA,436,19
2020-04-14,RU-RYA,436,19
2020-04-14,RU-RYA,436,19
2020-04-15,RU-RYA,454,19
2020-04-15,RU-RYA,454,19
2020-04-15,RU-RYA,454,19
2020-04-15,RU-RYA,454,19
2020-04-08,RU-SA,16,0
2020-04-08,RU-SA,16,0
2020-04-08,RU-SA,16,0
2020-04-08,RU-SA,16,0
2020-04-09,RU-SA,199,16
2020-04-09,RU-SA,199,16
2020-04-09,RU-SA,199,16
2020-04-09,RU-SA,199,16
2020-04-10,RU-SA,291,16
2020-04-10,RU-SA,291,16
2020-04-10,RU-SA,291,16
2020-04-10,RU-SA,291,16
2020-04-11,RU-SA,341,16
2020-04-11,RU-SA,341,16
2020-04-11,RU-SA,341,16
2020-04-11,RU-SA,341,16
2020-04-12,RU-SA,371,17
2020-04-12,RU-SA,371,17
2020-04-12,RU-SA,371,17
2020-04-12,RU-SA,371,17
2020-04-13,RU-SA,390,17
2020-04-13,RU-SA,390,17
2020-04-13,RU-SA,390,17
2020-04-13,RU-SA,390,17
2020-04-14,RU-SA,406,18
2020-04-14,RU-SA,406,18
2020-04-14,RU-SA,406,18
2020-04-14,RU-SA,406,18
2020-04-15,RU-SA,420,18
2020-04-15,RU-SA,420,18
2020-04-15,RU-SA,420,18
2020-04-15,RU-SA,420,18
2020-04-08,RU-SAK,11,0
2020-04-08,RU-SAK,11,0
2020-04-08,RU-SAK,11,0
2020-04-08,RU-SAK,11,0
2020-04-09,RU-SAK,199,16
2020-04-09,RU-SAK,199,16
2020-04-09,RU-SAK,199,16
2020-04-09,RU-SAK,199,16
2020-04-10,RU-SAK,292,16
2020-04-10,RU-SAK,292,16
2020-04-10,RU-SAK,292,16
2020-04-10,RU-SAK,292,16
2020-04-11,RU-SAK,341,16
2020-04-11,RU-SAK,341,16
2020-04-11,RU-SAK,341,16
2020-04-11,RU-SAK,341,16
2020-04-12,RU-SAK,370,16
2020-04-12,RU-SAK,370,16
2020-04-12,RU-SAK,370,16
2020-04-12,RU-SAK,370,16
2020-04-13,RU-SAK,390,17
2020-04-13,RU-SAK,390,17
2020-04-13,RU-SAK,390,17
2020-04-13,RU-SAK,390,17
2020-04-14,RU-SAK,405,17
2020-04-14,RU-SAK,405,17
2020-04-14,RU-SAK,405,17
2020-04-14,RU-SAK,405,17
2020-04-15,RU-SAK,417,17
2020-04-15,RU-SAK,417,17
2020-04-15,RU-SAK,417,17
2020-04-15,RU-SAK,417,17
2020-04-08,RU-SAM,18,0
2020-04-08,RU-SAM,18,0
2020-04-08,RU-SAM,18,0
2020-04-08,RU-SAM,18,0
2020-04-09,RU-SAM,206,16
2020-04-09,RU-SAM,206,16
2020-04-09,RU-SAM,206,16
2020-04-09,RU-SAM,206,16
2020-04-10,RU-SAM,300,16
2020-04-10,RU-SAM,300,16
2020-04-10,RU-SAM,300,16
2020-04-10,RU-SAM,300,16
2020-04-11,RU-SAM,351,16
2020-04-11,RU-SAM,351,16
2020-04-11,RU-SAM,351,16
2020-04-11,RU-SAM,351,16
2020-04-12,RU-SAM,382,17
2020-04-12,RU-SAM,382,17
2020-04-12,RU-SAM,382,17
2020-04-12,RU-SAM,382,17
2020-04-13,RU-SAM,402,17
2020-04-13,RU-SAM,402,17
2020-04-13,RU-SAM,402,17
2020-04-13,RU-SAM,402,17
2020-04-14,RU-SAM,419,18
2020-04-14,RU-SAM,419,18
2020-04-14,RU-SAM,419,18
2020-04-14,RU-SAM,419,18
2020-04-15,RU-SAM,432,18
2020-04-15,RU-SAM,432,18
2020-04-15,RU-SAM,432,18
2020-04-15,RU-SAM,432,18
2020-04-08,RU-SAR,26,0
2020-04-08,RU-SAR,26,0
2020-04-08,RU-SAR,26,0
2020-04-08,RU-SAR,26,0
2020-04-09,RU-SAR,211,16
2020-04-09,RU-SAR,211,16
2020-04-09,RU-SAR,211,16
2020-04-09,RU-SAR,211,16
2020-04-10,RU-SAR,305,17
2020-04-10,RU-SAR,305,17
2020-04-10,RU-SAR,305,17
2020-04-10,RU-SAR,305,17
2020-04-11,RU-SAR,357,17
2020-04-11,RU-SAR,357,17
2020-04-11,RU-SAR,357,17
2020-04-11,RU-SAR,357,17
2020-04-12,RU-SAR,387,17
2020-04-12,RU-SAR,387,17
2020-04-12,RU-SAR,387,17
2020-04-12,RU-SAR,387,17
2020-04-13,RU-SAR,409,18
2020-04-13,RU-SAR,409,18
2020-04-13,RU-SAR,409,18
2020-04-13,RU-SAR,409,18
2020-04-14,RU-SAR,427,18
2020-04-14,RU-SAR,427,18
2020-04-14,RU-SAR,427,18
2020-04-14,RU-SAR,427,18
2020-04-15,RU-SAR,442,19
2020-04-15,RU-SAR,442,19
2020-04-15,RU-SAR,442,19
2020-04-15,RU-SAR,442,19
2020-04-08,RU-SE,15,1
2020-04-08,RU-SE,15,1
2020-04-08,RU-SE,15,1
2020-04-08,RU-SE,15,1
2020-04-09,RU-SE,192,16
2020-04-09,RU-SE,192,16
2020-04-09,RU-SE,192,16
2020-04-09,RU-SE,192,16
2020-04-10,RU-SE,282,17
2020-04-10,RU-SE,282,17
2020-04-10,RU-SE,282,17
2020-04-10,RU-SE,282,17
2020-04-11,RU-SE,330,17
2020-04-11,RU-SE,330,17
2020-04-11,RU-SE,330,17
2020-04-11,RU-SE,330,17
2020-04-12,RU-SE,357,17
2020-04-12,RU-SE,357,17
2020-04-12,RU-SE,357,17
2020-04-12,RU-SE,357,17
2020-04-13,RU-SE,374,17
2020-04-13,RU-SE,374,17
2020-04-13,RU-SE,374,17
2020-04-13,RU-SE,374,17
2020-04-14,RU-SE,386,17
2020-04-14,RU-SE,386,17
2020-04-14,RU-SE,386,17
2020-04-14,RU-SE,386,17
2020-04-15,RU-SE,397,17
2020-04-15,RU-SE,397,17
2020-04-15,RU-SE,397,17
2020-04-15,RU-SE,397,17
2020-04-08,RU-SMO,7,0
2020-04-08,RU-SMO,7,0
2020-04-08,RU-SMO,7,0
2020-04-08,RU-SMO,7,0
2020-04-09,RU-SMO,191,16
2020-04-09,RU-SMO,191,16
2020-04-09,RU-SMO,191,16
2020-04-09,RU-SMO,191,16
2020-04-10,RU-SMO,282,16
2020-04-10,RU-SMO,282,16
2020-04-10,RU-SMO,282,16
2020-04-10,RU-SMO,282,16
2020-04-11,RU-SMO,330,16
2020-04-11,RU-SMO,330,16
2020-04-11,RU-SMO,330,16
2020-04-11,RU-SMO,330,16
2020-04-12,RU-SMO,358,16
2020-04-12,RU-SMO,358,16
2020-04-12,RU-SMO,358,16
2020-04-12,RU-SMO,358,16
2020-04-13,RU-SMO,375,16
2020-04-13,RU-SMO,375,16
2020-04-13,RU-SMO,375,16
2020-04-13,RU-SMO,375,16
2020-04-14,RU-SMO,388,17
2020-04-14,RU-SMO,388,17
2020-04-14,RU-SMO,388,17
2020-04-14,RU-SMO,388,17
2020-04-15,RU-SMO,399,17
2020-04-15,RU-SMO,399,17
2020-04-15,RU-SMO,399,17
2020-04-15,RU-SMO,399,17
2020-04-08,RU-SPE,329,2
2020-04-08,RU-SPE,329,2
2020-04-08,RU-SPE,329,2
2020-04-08,RU-SPE,329,2
2020-04-09,RU-SPE,561,24
2020-04-09,RU-SPE,561,24
2020-04-09,RU-SPE,561,24
2020-04-09,RU-SPE,561,24
2020-04-10,RU-SPE,713,26
2020-04-10,RU-SPE,713,26
2020-04-10,RU-SPE,713,26
2020-04-10,RU-SPE,713,26
2020-04-11,RU-SPE,817,28
2020-04-11,RU-SPE,817,28
2020-04-11,RU-SPE,817,28
2020-04-11,RU-SPE,817,28
2020-04-12,RU-SPE,919,31
2020-04-12,RU-SPE,919,31
2020-04-12,RU-SPE,919,31
2020-04-12,RU-SPE,919,31
2020-04-13,RU-SPE,1022,34
2020-04-13,RU-SPE,1022,34
2020-04-13,RU-SPE,1022,34
2020-04-13,RU-SPE,1022,34
2020-04-14,RU-SPE,1118,37
2020-04-14,RU-SPE,1118,37
2020-04-14,RU-SPE,1118,37
2020-04-14,RU-SPE,1118,37
2020-04-15,RU-SPE,1211,40
2020-04-15,RU-SPE,1211,40
2020-04-15,RU-SPE,1211,40
2020-04-15,RU-SPE,1211,40
2020-04-08,RU-STA,39,0
2020-04-08,RU-STA,39,0
2020-04-08,RU-STA,39,0
2020-04-08,RU-STA,39,0
2020-04-09,RU-STA,218,16
2020-04-09,RU-STA,218,16
2020-04-09,RU-STA,218,16
2020-04-09,RU-STA,218,16
2020-04-10,RU-STA,313,17
2020-04-10,RU-STA,313,17
2020-04-10,RU-STA,313,17
2020-04-10,RU-STA,313,17
2020-04-11,RU-STA,366,17
2020-04-11,RU-STA,366,17
2020-04-11,RU-STA,366,17
2020-04-11,RU-STA,366,17
2020-04-12,RU-STA,400,18
2020-04-12,RU-STA,400,18
2020-04-12,RU-STA,400,18
2020-04-12,RU-STA,400,18
2020-04-13,RU-STA,423,18
2020-04-13,RU-STA,423,18
2020-04-13,RU-STA,423,18
2020-04-13,RU-STA,423,18
2020-04-14,RU-STA,445,19
2020-04-14,RU-STA,445,19
2020-04-14,RU-STA,445,19
2020-04-14,RU-STA,445,19
2020-04-15,RU-STA,466,20
2020-04-15,RU-STA,466,20
2020-04-15,RU-STA,466,20
2020-04-15,RU-STA,466,20
2020-04-08,RU-SVE,56,0
2020-04-08,RU-SVE,56,0
2020-04-08,RU-SVE,56,0
2020-04-08,RU-SVE,56,0
2020-04-09,RU-SVE,242,16
2020-04-09,RU-SVE,242,16
2020-04-09,RU-SVE,242,16
2020-04-09,RU-SVE,242,16
2020-04-10,RU-SVE,340,17
2020-04-10,RU-SVE,340,17
2020-04-10,RU-SVE,340,17
2020-04-10,RU-SVE,340,17
2020-04-11,RU-SVE,394,17
2020-04-11,RU-SVE,394,17
2020-04-11,RU-SVE,394,17
2020-04-11,RU-SVE,394,17
2020-04-12,RU-SVE,427,18
2020-04-12,RU-SVE,427,18
2020-04-12,RU-SVE,427,18
2020-04-12,RU-SVE,427,18
2020-04-13,RU-SVE,452,18
2020-04-13,RU-SVE,452,18
2020-04-13,RU-SVE,452,18
2020-04-13,RU-SVE,452,18
2020-04-14,RU-SVE,471,19
2020-04-14,RU-SVE,471,19
2020-04-14,RU-SVE,471,19
2020-04-14,RU-SVE,471,19
2020-04-15,RU-SVE,494,20
2020-04-15,RU-SVE,494,20
2020-04-15,RU-SVE,494,20
2020-04-15,RU-SVE,494,20
2020-04-08,RU-TA,41,0
2020-04-08,RU-TA,41,0
2020-04-08,RU-TA,41,0
2020-04-08,RU-TA,41,0
2020-04-09,RU-TA,223,16
2020-04-09,RU-TA,223,16
2020-04-09,RU-TA,223,16
2020-04-09,RU-TA,223,16
2020-04-10,RU-TA,317,17
2020-04-10,RU-TA,317,17
2020-04-10,RU-TA,317,17
2020-04-10,RU-TA,317,17
2020-04-11,RU-TA,368,17
2020-04-11,RU-TA,368,17
2020-04-11,RU-TA,368,17
2020-04-11,RU-TA,368,17
2020-04-12,RU-TA,400,18
2020-04-12,RU-TA,400,18
2020-04-12,RU-TA,400,18
2020-04-12,RU-TA,400,18
2020-04-13,RU-TA,422,18
2020-04-13,RU-TA,422,18
2020-04-13,RU-TA,422,18
2020-04-13,RU-TA,422,18
2020-04-14,RU-TA,439,18
2020-04-14,RU-TA,439,18
2020-04-14,RU-TA,439,18
2020-04-14,RU-TA,439,18
2020-04-15,RU-TA,456,19
2020-04-15,RU-TA,456,19
2020-04-15,RU-TA,456,19
2020-04-15,RU-TA,456,19
2020-04-08,RU-TAM,21,0
2020-04-08,RU-TAM,21,0
2020-04-08,RU-TAM,21,0
2020-04-08,RU-TAM,21,0
2020-04-09,RU-TAM,203,16
2020-04-09,RU-TAM,203,16
2020-04-09,RU-TAM,203,16
2020-04-09,RU-TAM,203,16
2020-04-10,RU-TAM,296,16
2020-04-10,RU-TAM,296,16
2020-04-10,RU-TAM,296,16
2020-04-10,RU-TAM,296,16
2020-04-11,RU-TAM,347,17
2020-04-11,RU-TAM,347,17
2020-04-11,RU-TAM,347,17
2020-04-11,RU-TAM,347,17
2020-04-12,RU-TAM,377,17
2020-04-12,RU-TAM,377,17
2020-04-12,RU-TAM,377,17
2020-04-12,RU-TAM,377,17
2020-04-13,RU-TAM,398,18
2020-04-13,RU-TAM,398,18
2020-04-13,RU-TAM,398,18
2020-04-13,RU-TAM,398,18
2020-04-14,RU-TAM,414,18
2020-04-14,RU-TAM,414,18
2020-04-14,RU-TAM,414,18
2020-04-14,RU-TAM,414,18
2020-04-15,RU-TAM,429,19
2020-04-15,RU-TAM,429,19
2020-04-15,RU-TAM,429,19
2020-04-15,RU-TAM,429,19
2020-04-08,RU-TOM,4,0
2020-04-08,RU-TOM,4,0
2020-04-08,RU-TOM,4,0
2020-04-08,RU-TOM,4,0
2020-04-09,RU-TOM,191,15
2020-04-09,RU-TOM,191,15
2020-04-09,RU-TOM,191,15
2020-04-09,RU-TOM,191,15
2020-04-10,RU-TOM,285,16
2020-04-10,RU-TOM,285,16
2020-04-10,RU-TOM,285,16
2020-04-10,RU-TOM,285,16
2020-04-11,RU-TOM,334,16
2020-04-11,RU-TOM,334,16
2020-04-11,RU-TOM,334,16
2020-04-11,RU-TOM,334,16
2020-04-12,RU-TOM,362,16
2020-04-12,RU-TOM,362,16
2020-04-12,RU-TOM,362,16
2020-04-12,RU-TOM,362,16
2020-04-13,RU-TOM,381,17
2020-04-13,RU-TOM,381,17
2020-04-13,RU-TOM,381,17
2020-04-13,RU-TOM,381,17
2020-04-14,RU-TOM,395,17
2020-04-14,RU-TOM,395,17
2020-04-14,RU-TOM,395,17
2020-04-14,RU-TOM,395,17
2020-04-15,RU-TOM,407,17
2020-04-15,RU-TOM,407,17
2020-04-15,RU-TOM,407,17
2020-04-15,RU-TOM,407,17
2020-04-08,RU-TUL,54,0
2020-04-08,RU-TUL,54,0
2020-04-08,RU-TUL,54,0
2020-04-08,RU-TUL,54,0
2020-04-09,RU-TUL,235,17
2020-04-09,RU-TUL,235,17
2020-04-09,RU-TUL,235,17
2020-04-09,RU-TUL,235,17
2020-04-10,RU-TUL,330,17
2020-04-10,RU-TUL,330,17
2020-04-10,RU-TUL,330,17
2020-04-10,RU-TUL,330,17
2020-04-11,RU-TUL,383,17
2020-04-11,RU-TUL,383,17
2020-04-11,RU-TUL,383,17
2020-04-11,RU-TUL,383,17
2020-04-12,RU-TUL,418,18
2020-04-12,RU-TUL,418,18
2020-04-12,RU-TUL,418,18
2020-04-12,RU-TUL,418,18
2020-04-13,RU-TUL,441,19
2020-04-13,RU-TUL,441,19
2020-04-13,RU-TUL,441,19
2020-04-13,RU-TUL,441,19
2020-04-14,RU-TUL,463,20
2020-04-14,RU-TUL,463,20
2020-04-14,RU-TUL,463,20
2020-04-14,RU-TUL,463,20
2020-04-15,RU-TUL,482,20
2020-04-15,RU-TUL,482,20
2020-04-15,RU-TUL,482,20
2020-04-15,RU-TUL,482,20
2020-04-08,RU-TVE,11,0
2020-04-08,RU-TVE,11,0
2020-04-08,RU-TVE,11,0
2020-04-08,RU-TVE,11,0
2020-04-09,RU-TVE,199,16
2020-04-09,RU-TVE,199,16
2020-04-09,RU-TVE,199,16
2020-04-09,RU-TVE,199,16
2020-04-10,RU-TVE,293,16
2020-04-10,RU-TVE,293,16
2020-04-10,RU-TVE,293,16
2020-04-10,RU-TVE,293,16
2020-04-11,RU-TVE,343,16
2020-04-11,RU-TVE,343,16
2020-04-11,RU-TVE,343,16
2020-04-11,RU-TVE,343,16
2020-04-12,RU-TVE,373,17
2020-04-12,RU-TVE,373,17
2020-04-12,RU-TVE,373,17
2020-04-12,RU-TVE,373,17
2020-04-13,RU-TVE,393,17
2020-04-13,RU-TVE,393,17
2020-04-13,RU-TVE,393,17
2020-04-13,RU-TVE,393,17
2020-04-14,RU-TVE,408,17
2020-04-14,RU-TVE,408,17
2020-04-14,RU-TVE,408,17
2020-04-14,RU-TVE,408,17
2020-04-15,RU-TVE,422,18
2020-04-15,RU-TVE,422,18
2020-04-15,RU-TVE,422,18
2020-04-15,RU-TVE,422,18
2020-04-08,RU-TYU,18,0
2020-04-08,RU-TYU,18,0
2020-04-08,RU-TYU,18,0
2020-04-08,RU-TYU,18,0
2020-04-09,RU-TYU,207,16
2020-04-09,RU-TYU,207,16
2020-04-09,RU-TYU,207,16
2020-04-09,RU-TYU,207,16
2020-04-10,RU-TYU,303,16
2020-04-10,RU-TYU,303,16
2020-04-10,RU-TYU,303,16
2020-04-10,RU-TYU,303,16
2020-04-11,RU-TYU,355,16
2020-04-11,RU-TYU,355,16
2020-04-11,RU-TYU,355,16
2020-04-11,RU-TYU,355,16
2020-04-12,RU-TYU,387,17
2020-04-12,RU-TYU,387,17
2020-04-12,RU-TYU,387,17
2020-04-12,RU-TYU,387,17
2020-04-13,RU-TYU,409,17
2020-04-13,RU-TYU,409,17
2020-04-13,RU-TYU,409,17
2020-04-13,RU-TYU,409,17
2020-04-14,RU-TYU,426,18
2020-04-14,RU-TYU,426,18
2020-04-14,RU-TYU,426,18
2020-04-14,RU-TYU,426,18
2020-04-15,RU-TYU,443,18
2020-04-15,RU-TYU,443,18
2020-04-15,RU-TYU,443,18
2020-04-15,RU-TYU,443,18
2020-04-08,RU-UD,9,0
2020-04-08,RU-UD,9,0
2020-04-08,RU-UD,9,0
2020-04-08,RU-UD,9,0
2020-04-09,RU-UD,194,16
2020-04-09,RU-UD,194,16
2020-04-09,RU-UD,194,16
2020-04-09,RU-UD,194,16
2020-04-10,RU-UD,286,16
2020-04-10,RU-UD,286,16
2020-04-10,RU-UD,286,16
2020-04-10,RU-UD,286,16
2020-04-11,RU-UD,336,16
2020-04-11,RU-UD,336,16
2020-04-11,RU-UD,336,16
2020-04-11,RU-UD,336,16
2020-04-12,RU-UD,365,16
2020-04-12,RU-UD,365,16
2020-04-12,RU-UD,365,16
2020-04-12,RU-UD,365,16
2020-04-13,RU-UD,383,17
2020-04-13,RU-UD,383,17
2020-04-13,RU-UD,383,17
2020-04-13,RU-UD,383,17
2020-04-14,RU-UD,398,17
2020-04-14,RU-UD,398,17
2020-04-14,RU-UD,398,17
2020-04-14,RU-UD,398,17
2020-04-15,RU-UD,410,18
2020-04-15,RU-UD,410,18
2020-04-15,RU-UD,410,18
2020-04-15,RU-UD,410,18
2020-04-08,RU-ULY,4,0
2020-04-08,RU-ULY,4,0
2020-04-08,RU-ULY,4,0
2020-04-08,RU-ULY,4,0
2020-04-09,RU-ULY,192,15
2020-04-09,RU-ULY,192,15
2020-04-09,RU-ULY,192,15
2020-04-09,RU-ULY,192,15
2020-04-10,RU-ULY,286,16
2020-04-10,RU-ULY,286,16
2020-04-10,RU-ULY,286,16
2020-04-10,RU-ULY,286,16
2020-04-11,RU-ULY,336,16
2020-04-11,RU-ULY,336,16
2020-04-11,RU-ULY,336,16
2020-04-11,RU-ULY,336,16
2020-04-12,RU-ULY,364,16
2020-04-12,RU-ULY,364,16
2020-04-12,RU-ULY,364,16
2020-04-12,RU-ULY,364,16
2020-04-13,RU-ULY,383,17
2020-04-13,RU-ULY,383,17
2020-04-13,RU-ULY,383,17
2020-04-13,RU-ULY,383,17
2020-04-14,RU-ULY,397,17
2020-04-14,RU-ULY,397,17
2020-04-14,RU-ULY,397,17
2020-04-14,RU-ULY,397,17
2020-04-15,RU-ULY,409,17
2020-04-15,RU-ULY,409,17
2020-04-15,RU-ULY,409,17
2020-04-15,RU-ULY,409,17
2020-04-08,RU-VGG,26,0
2020-04-08,RU-VGG,26,0
2020-04-08,RU-VGG,26,0
2020-04-08,RU-VGG,26,0
2020-04-09,RU-VGG,212,16
2020-04-09,RU-VGG,212,16
2020-04-09,RU-VGG,212,16
2020-04-09,RU-VGG,212,16
2020-04-10,RU-VGG,307,17
2020-04-10,RU-VGG,307,17
2020-04-10,RU-VGG,307,17
2020-04-10,RU-VGG,307,17
2020-04-11,RU-VGG,359,17
2020-04-11,RU-VGG,359,17
2020-04-11,RU-VGG,359,17
2020-04-11,RU-VGG,359,17
2020-04-12,RU-VGG,391,17
2020-04-12,RU-VGG,391,17
2020-04-12,RU-VGG,391,17
2020-04-12,RU-VGG,391,17
2020-04-13,RU-VGG,414,18
2020-04-13,RU-VGG,414,18
2020-04-13,RU-VGG,414,18
2020-04-13,RU-VGG,414,18
2020-04-14,RU-VGG,433,18
2020-04-14,RU-VGG,433,18
2020-04-14,RU-VGG,433,18
2020-04-14,RU-VGG,433,18
2020-04-15,RU-VGG,449,19
2020-04-15,RU-VGG,449,19
2020-04-15,RU-VGG,449,19
2020-04-15,RU-VGG,449,19
2020-04-08,RU-VLA,14,1
2020-04-08,RU-VLA,14,1
2020-04-08,RU-VLA,14,1
2020-04-08,RU-VLA,14,1
2020-04-09,RU-VLA,197,16
2020-04-09,RU-VLA,197,16
2020-04-09,RU-VLA,197,16
2020-04-09,RU-VLA,197,16
2020-04-10,RU-VLA,289,16
2020-04-10,RU-VLA,289,16
2020-04-10,RU-VLA,289,16
2020-04-10,RU-VLA,289,16
2020-04-11,RU-VLA,338,17
2020-04-11,RU-VLA,338,17
2020-04-11,RU-VLA,338,17
2020-04-11,RU-VLA,338,17
2020-04-12,RU-VLA,366,17
2020-04-12,RU-VLA,366,17
2020-04-12,RU-VLA,366,17
2020-04-12,RU-VLA,366,17
2020-04-13,RU-VLA,385,17
2020-04-13,RU-VLA,385,17
2020-04-13,RU-VLA,385,17
2020-04-13,RU-VLA,385,17
2020-04-14,RU-VLA,401,17
2020-04-14,RU-VLA,401,17
2020-04-14,RU-VLA,401,17
2020-04-14,RU-VLA,401,17
2020-04-15,RU-VLA,414,17
2020-04-15,RU-VLA,414,17
2020-04-15,RU-VLA,414,17
2020-04-15,RU-VLA,414,17
2020-04-08,RU-VLG,27,0
2020-04-08,RU-VLG,27,0
2020-04-08,RU-VLG,27,0
2020-04-08,RU-VLG,27,0
2020-04-09,RU-VLG,206,16
2020-04-09,RU-VLG,206,16
2020-04-09,RU-VLG,206,16
2020-04-09,RU-VLG,206,16
2020-04-10,RU-VLG,297,16
2020-04-10,RU-VLG,297,16
2020-04-10,RU-VLG,297,16
2020-04-10,RU-VLG,297,16
2020-04-11,RU-VLG,345,16
2020-04-11,RU-VLG,345,16
2020-04-11,RU-VLG,345,16
2020-04-11,RU-VLG,345,16
2020-04-12,RU-VLG,374,17
2020-04-12,RU-VLG,374,17
2020-04-12,RU-VLG,374,17
2020-04-12,RU-VLG,374,17
2020-04-13,RU-VLG,393,17
2020-04-13,RU-VLG,393,17
2020-04-13,RU-VLG,393,17
2020-04-13,RU-VLG,393,17
2020-04-14,RU-VLG,409,17
2020-04-14,RU-VLG,409,17
2020-04-14,RU-VLG,409,17
2020-04-14,RU-VLG,409,17
2020-04-15,RU-VLG,422,18
2020-04-15,RU-VLG,422,18
2020-04-15,RU-VLG,422,18
2020-04-15,RU-VLG,422,18
2020-04-08,RU-VOR,33,0
2020-04-08,RU-VOR,33,0
2020-04-08,RU-VOR,33,0
2020-04-08,RU-VOR,33,0
2020-04-09,RU-VOR,215,16
2020-04-09,RU-VOR,215,16
2020-04-09,RU-VOR,215,16
2020-04-09,RU-VOR,215,16
2020-04-10,RU-VOR,308,17
2020-04-10,RU-VOR,308,17
2020-04-10,RU-VOR,308,17
2020-04-10,RU-VOR,308,17
2020-04-11,RU-VOR,359,17
2020-04-11,RU-VOR,359,17
2020-04-11,RU-VOR,359,17
2020-04-11,RU-VOR,359,17
2020-04-12,RU-VOR,391,17
2020-04-12,RU-VOR,391,17
2020-04-12,RU-VOR,391,17
2020-04-12,RU-VOR,391,17
2020-04-13,RU-VOR,413,18
2020-04-13,RU-VOR,413,18
2020-04-13,RU-VOR,413,18
2020-04-13,RU-VOR,413,18
2020-04-14,RU-VOR,431,18
2020-04-14,RU-VOR,431,18
2020-04-14,RU-VOR,431,18
2020-04-14,RU-VOR,431,18
2020-04-15,RU-VOR,449,19
2020-04-15,RU-VOR,449,19
2020-04-15,RU-VOR,449,19
2020-04-15,RU-VOR,449,19
2020-04-08,RU-YAN,41,0
2020-04-08,RU-YAN,41,0
2020-04-08,RU-YAN,41,0
2020-04-08,RU-YAN,41,0
2020-04-09,RU-YAN,221,16
2020-04-09,RU-YAN,221,16
2020-04-09,RU-YAN,221,16
2020-04-09,RU-YAN,221,16
2020-04-10,RU-YAN,315,17
2020-04-10,RU-YAN,315,17
2020-04-10,RU-YAN,315,17
2020-04-10,RU-YAN,315,17
2020-04-11,RU-YAN,366,17
2020-04-11,RU-YAN,366,17
2020-04-11,RU-YAN,366,17
2020-04-11,RU-YAN,366,17
2020-04-12,RU-YAN,398,17
2020-04-12,RU-YAN,398,17
2020-04-12,RU-YAN,398,17
2020-04-12,RU-YAN,398,17
2020-04-13,RU-YAN,421,17
2020-04-13,RU-YAN,421,17
2020-04-13,RU-YAN,421,17
2020-04-13,RU-YAN,421,17
2020-04-14,RU-YAN,440,17
2020-04-14,RU-YAN,440,17
2020-04-14,RU-YAN,440,17
2020-04-14,RU-YAN,440,17
2020-04-15,RU-YAN,456,18
2020-04-15,RU-YAN,456,18
2020-04-15,RU-YAN,456,18
2020-04-15,RU-YAN,456,18
2020-04-08,RU-YAR,11,0
2020-04-08,RU-YAR,11,0
2020-04-08,RU-YAR,11,0
2020-04-08,RU-YAR,11,0
2020-04-09,RU-YAR,202,16
2020-04-09,RU-YAR,202,16
2020-04-09,RU-YAR,202,16
2020-04-09,RU-YAR,202,16
2020-04-10,RU-YAR,297,16
2020-04-10,RU-YAR,297,16
2020-04-10,RU-YAR,297,16
2020-04-10,RU-YAR,297,16
2020-04-11,RU-YAR,348,16
2020-04-11,RU-YAR,348,16
2020-04-11,RU-YAR,348,16
2020-04-11,RU-YAR,348,16
2020-04-12,RU-YAR,379,17
2020-04-12,RU-YAR,379,17
2020-04-12,RU-YAR,379,17
2020-04-12,RU-YAR,379,17
2020-04-13,RU-YAR,399,17
2020-04-13,RU-YAR,399,17
2020-04-13,RU-YAR,399,17
2020-04-13,RU-YAR,399,17
2020-04-14,RU-YAR,414,17
2020-04-14,RU-YAR,414,17
2020-04-14,RU-YAR,414,17
2020-04-14,RU-YAR,414,17
2020-04-15,RU-YAR,428,18
2020-04-15,RU-YAR,428,18
2020-04-15,RU-YAR,428,18
2020-04-15,RU-YAR,428,18
2020-04-08,RU-YEV,5,0
2020-04-08,RU-YEV,5,0
2020-04-08,RU-YEV,5,0
2020-04-08,RU-YEV,5,0
2020-04-09,RU-YEV,184,16
2020-04-09,RU-YEV,184,16
2020-04-09,RU-YEV,184,16
2020-04-09,RU-YEV,184,16
2020-04-10,RU-YEV,272,16
2020-04-10,RU-YEV,272,16
2020-04-10,RU-YEV,272,16
2020-04-10,RU-YEV,272,16
2020-04-11,RU-YEV,318,16
2020-04-11,RU-YEV,318,16
2020-04-11,RU-YEV,318,16
2020-04-11,RU-YEV,318,16
2020-04-12,RU-YEV,342,16
2020-04-12,RU-YEV,342,16
2020-04-12,RU-YEV,342,16
2020-04-12,RU-YEV,342,16
2020-04-13,RU-YEV,357,16
2020-04-13,RU-YEV,357,16
2020-04-13,RU-YEV,357,16
2020-04-13,RU-YEV,357,16
2020-04-14,RU-YEV,366,16
2020-04-14,RU-YEV,366,16
2020-04-14,RU-YEV,366,16
2020-04-14,RU-YEV,366,16
2020-04-15,RU-YEV,374,16
2020-04-15,RU-YEV,374,16
2020-04-15,RU-YEV,374,16
2020-04-15,RU-YEV,374,16
2020-04-08,RU-ZAB,4,0
2020-04-08,RU-ZAB,4,0
2020-04-08,RU-ZAB,4,0
2020-04-08,RU-ZAB,4,0
2020-04-09,RU-ZAB,191,15
2020-04-09,RU-ZAB,191,15
2020-04-09,RU-ZAB,191,15
2020-04-09,RU-ZAB,191,15
2020-04-10,RU-ZAB,284,16
2020-04-10,RU-ZAB,284,16
2020-04-10,RU-ZAB,284,16
2020-04-10,RU-ZAB,284,16
2020-04-11,RU-ZAB,333,16
2020-04-11,RU-ZAB,333,16
2020-04-11,RU-ZAB,333,16
2020-04-11,RU-ZAB,333,16
2020-04-12,RU-ZAB,362,16
2020-04-12,RU-ZAB,362,16
2020-04-12,RU-ZAB,362,16
2020-04-12,RU-ZAB,362,16
2020-04-13,RU-ZAB,380,17
2020-04-13,RU-ZAB,380,17
2020-04-13,RU-ZAB,380,17
2020-04-13,RU-ZAB,380,17
2020-04-14,RU-ZAB,394,17
2020-04-14,RU-ZAB,394,17
2020-04-14,RU-ZAB,394,17
2020-04-14,RU-ZAB,394,17
2020-04-15,RU-ZAB,407,17
2020-04-15,RU-ZAB,407,17
2020-04-15,RU-ZAB,407,17
2020-04-15,RU-ZAB,407,17
2020-04-08,RUS,8672,63
2020-04-09,RUS,9759,233
2020-04-10,RUS,10752,275
2020-04-11,RUS,11591,318
2020-04-12,RUS,12728,376
2020-04-13,RUS,13834,439
2020-04-14,RUS,14841,512
2020-04-15,RUS,15985,598
2020-04-08,RWA,110,0
2020-04-09,RWA,284,18
2020-04-10,RWA,376,19
2020-04-11,RWA,425,20
2020-04-12,RWA,454,20
2020-04-13,RWA,475,21
2020-04-14,RWA,488,22
2020-04-15,RWA,505,23
2020-04-08,SAU,2932,41
2020-04-09,SAU,3225,101
2020-04-10,SAU,3478,110
2020-04-11,SAU,3696,120
2020-04-12,SAU,3915,131
2020-04-13,SAU,4144,142
2020-04-14,SAU,4403,155
2020-04-15,SAU,4704,170
2020-04-08,SDN,14,2
2020-04-09,SDN,218,17
2020-04-10,SDN,324,18
2020-04-11,SDN,386,18
2020-04-12,SDN,427,19
2020-04-13,SDN,459,19
2020-04-14,SDN,487,20
2020-04-15,SDN,512,21
2020-04-08,SEN,244,2
2020-04-09,SEN,447,22
2020-04-10,SEN,564,23
2020-04-11,SEN,649,24
2020-04-12,SEN,710,25
2020-04-13,SEN,765,27
2020-04-14,SEN,822,29
2020-04-15,SEN,881,31
2020-04-08,SGP,1623,6
2020-04-09,SGP,1790,54
2020-04-10,SGP,1937,61
2020-04-11,SGP,2103,70
2020-04-12,SGP,2272,79
2020-04-13,SGP,2454,90
2020-04-14,SGP,2629,102
2020-04-15,SGP,2802,114
2020-04-08,SLV,92,5
2020-04-09,SLV,325,54
2020-04-10,SLV,503,84
2020-04-11,SLV,709,116
2020-04-12,SLV,874,156
2020-04-13,SLV,1023,201
2020-04-14,SLV,1278,269
2020-04-15,SLV,1386,353
2020-04-08,SMR,279,34
2020-04-09,SMR,438,45
2020-04-10,SMR,530,47
2020-04-11,SMR,580,85
2020-04-12,SMR,612,119
2020-04-13,SMR,744,158
2020-04-14,SMR,839,210
2020-04-15,SMR,1016,287
2020-04-08,SOM,11,1
2020-04-09,SOM,245,17
2020-04-10,SOM,374,18
2020-04-11,SOM,455,20
2020-04-12,SOM,516,22
2020-04-13,SOM,568,24
2020-04-14,SOM,619,27
2020-04-15,SOM,669,29
2020-04-08,SRB,2666,65
2020-04-09,SRB,2978,111
2020-04-10,SRB,3356,125
2020-04-11,SRB,3654,136
2020-04-12,SRB,3962,186
2020-04-13,SRB,4256,227
2020-04-14,SRB,4686,282
2020-04-15,SRB,5049,346
2020-04-08,SUR,10,1
2020-04-09,SUR,201,16
2020-04-10,SUR,295,16
2020-04-11,SUR,344,17
2020-04-12,SUR,372,17
2020-04-13,SUR,389,17
2020-04-14,SUR,402,17
2020-04-15,SUR,413,17
2020-04-08,SVK,682,2
2020-04-09,SVK,881,30
2020-04-10,SVK,1037,32
2020-04-11,SVK,1184,34
2020-04-12,SVK,1341,37
2020-04-13,SVK,1529,40
2020-04-14,SVK,1706,44
2020-04-15,SVK,1899,50
2020-04-08,SVN,1091,40
2020-04-09,SVN,1256,64
2020-04-10,SVN,1374,68
2020-04-11,SVN,1494,74
2020-04-12,SVN,1607,79
2020-04-13,SVN,1733,84
2020-04-14,SVN,1876,89
2020-04-15,SVN,2037,94
2020-04-08,SWE,8419,687
2020-04-09,SWE,9276,788
2020-04-10,SWE,10246,852
2020-04-11,SWE,11229,919
2020-04-12,SWE,12206,987
2020-04-13,SWE,13392,1055
2020-04-14,SWE,14594,1138
2020-04-15,SWE,15550,1211
2020-04-08,SWZ,11,0
2020-04-09,SWZ,219,16
2020-04-10,SWZ,327,16
2020-04-11,SWZ,391,16
2020-04-12,SWZ,434,16
2020-04-13,SWZ,468,17
2020-04-14,SWZ,498,17
2020-04-15,SWZ,526,17
2020-04-08,SYC,11,0
2020-04-09,SYC,196,16
2020-04-10,SYC,287,16
2020-04-11,SYC,334,16
2020-04-12,SYC,361,16
2020-04-13,SYC,377,16
2020-04-14,SYC,388,16
2020-04-15,SYC,396,17
2020-04-08,SYR,19,2
2020-04-09,SYR,207,18
2020-04-10,SYR,302,18
2020-04-11,SYR,354,19
2020-04-12,SYR,386,20
2020-04-13,SYR,407,21
2020-04-14,SYR,423,22
2020-04-15,SYR,440,23
2020-04-08,TCD,10,0
2020-04-09,TCD,206,16
2020-04-10,TCD,306,17
2020-04-11,TCD,361,17
2020-04-12,TCD,396,18
2020-04-13,TCD,420,19
2020-04-14,TCD,442,20
2020-04-15,TCD,463,21
2020-04-08,TGO,70,3
2020-04-09,TGO,285,19
2020-04-10,TGO,403,19
2020-04-11,TGO,478,20
2020-04-12,TGO,535,20
2020-04-13,TGO,582,21
2020-04-14,TGO,632,22
2020-04-15,TGO,686,23
2020-04-08,THA,2369,30
2020-04-09,THA,2571,84
2020-04-10,THA,2824,93
2020-04-11,THA,3126,106
2020-04-12,THA,3447,119
2020-04-13,THA,3830,136
2020-04-14,THA,4208,153
2020-04-15,THA,4608,173
2020-04-08,TLS,1,0
2020-04-09,TLS,187,16
2020-04-10,TLS,277,16
2020-04-11,TLS,323,17
2020-04-12,TLS,348,17
2020-04-13,TLS,362,18
2020-04-14,TLS,372,19
2020-04-15,TLS,379,20
2020-04-08,TTO,107,8
2020-04-09,TTO,287,23
2020-04-10,TTO,384,24
2020-04-11,TTO,442,26
2020-04-12,TTO,479,27
2020-04-13,TTO,508,29
2020-04-14,TTO,529,31
2020-04-15,TTO,552,33
2020-04-08,TUN,628,24
2020-04-09,TUN,785,44
2020-04-10,TUN,901,48
2020-04-11,TUN,973,52
2020-04-12,TUN,1041,56
2020-04-13,TUN,1110,60
2020-04-14,TUN,1180,65
2020-04-15,TUN,1269,71
2020-04-08,TUR,38226,812
2020-04-09,TUR,41064,1447
2020-04-10,TUR,44273,1610
2020-04-11,TUR,48561,1835
2020-04-12,TUR,51226,2027
2020-04-13,TUR,53700,2219
2020-04-14,TUR,55885,2403
2020-04-15,TUR,58794,2662
2020-04-08,TWN,379,5
2020-04-09,TWN,684,29
2020-04-10,TWN,911,33
2020-04-11,TWN,1124,38
2020-04-12,TWN,1326,44
2020-04-13,TWN,1522,51
2020-04-14,TWN,1711,59
2020-04-15,TWN,1916,68
2020-04-08,TZA,25,1
2020-04-09,TZA,222,17
2020-04-10,TZA,315,18
2020-04-11,TZA,363,19
2020-04-12,TZA,390,20
2020-04-13,TZA,406,21
2020-04-14,TZA,417,22
2020-04-15,TZA,429,24
2020-04-08,UA-40,5,0
2020-04-08,UA-40,5,0
2020-04-08,UA-40,5,0
2020-04-08,UA-40,5,0
2020-04-09,UA-40,198,16
2020-04-09,UA-40,198,16
2020-04-09,UA-40,198,16
2020-04-09,UA-40,198,16
2020-04-10,UA-40,293,16
2020-04-10,UA-40,293,16
2020-04-10,UA-40,293,16
2020-04-10,UA-40,293,16
2020-04-11,UA-40,342,16
2020-04-11,UA-40,342,16
2020-04-11,UA-40,342,16
2020-04-11,UA-40,342,16
2020-04-12,UA-40,370,16
2020-04-12,UA-40,370,16
2020-04-12,UA-40,370,16
2020-04-12,UA-40,370,16
2020-04-13,UA-40,388,16
2020-04-13,UA-40,388,16
2020-04-13,UA-40,388,16
2020-04-13,UA-40,388,16
2020-04-14,UA-40,400,16
2020-04-14,UA-40,400,16
2020-04-14,UA-40,400,16
2020-04-14,UA-40,400,16
2020-04-15,UA-40,412,16
2020-04-15,UA-40,412,16
2020-04-15,UA-40,412,16
2020-04-15,UA-40,412,16
2020-04-08,UA-43,23,0
2020-04-08,UA-43,23,0
2020-04-08,UA-43,23,0
2020-04-08,UA-43,23,0
2020-04-09,UA-43,202,16
2020-04-09,UA-43,202,16
2020-04-09,UA-43,202,16
2020-04-09,UA-43,202,16
2020-04-10,UA-43,295,16
2020-04-10,UA-43,295,16
2020-04-10,UA-43,295,16
2020-04-10,UA-43,295,16
2020-04-11,UA-43,346,17
2020-04-11,UA-43,346,17
2020-04-11,UA-43,346,17
2020-04-11,UA-43,346,17
2020-04-12,UA-43,377,17
2020-04-12,UA-43,377,17
2020-04-12,UA-43,377,17
2020-04-12,UA-43,377,17
2020-04-13,UA-43,398,18
2020-04-13,UA-43,398,18
2020-04-13,UA-43,398,18
2020-04-13,UA-43,398,18
2020-04-14,UA-43,415,18
2020-04-14,UA-43,415,18
2020-04-14,UA-43,415,18
2020-04-14,UA-43,415,18
2020-04-15,UA-43,431,19
2020-04-15,UA-43,431,19
2020-04-15,UA-43,431,19
2020-04-15,UA-43,431,19
2020-04-08,UGA,53,0
2020-04-09,UGA,236,17
2020-04-10,UGA,328,17
2020-04-11,UGA,377,17
2020-04-12,UGA,404,18
2020-04-13,UGA,422,19
2020-04-14,UGA,434,19
2020-04-15,UGA,447,20
2020-04-08,UKR,1668,52
2020-04-09,UKR,1918,86
2020-04-10,UKR,2140,95
2020-04-11,UKR,2362,104
2020-04-12,UKR,2587,116
2020-04-13,UKR,2812,128
2020-04-14,UKR,3030,178
2020-04-15,UKR,3256,220
2020-04-08,URY,424,7
2020-04-09,URY,678,29
2020-04-10,URY,852,33
2020-04-11,URY,990,36
2020-04-12,URY,1114,39
2020-04-13,URY,1244,44
2020-04-14,URY,1374,47
2020-04-15,URY,1502,52
2020-04-08,USA,429052,14695
2020-04-09,USA,456576,21087
2020-04-10,USA,482723,22354
2020-04-11,USA,514079,23616
2020-04-12,USA,545672,24888
2020-04-13,USA,577524,26173
2020-04-14,USA,609646,27478
2020-04-15,USA,642043,28814
2020-04-08,UZB,545,3
2020-04-09,UZB,688,27
2020-04-10,UZB,780,29
2020-04-11,UZB,846,30
2020-04-12,UZB,885,31
2020-04-13,UZB,927,33
2020-04-14,UZB,967,35
2020-04-15,UZB,1010,36
2020-04-08,VAT,8,0
2020-04-09,VAT,248,16
2020-04-10,VAT,364,17
2020-04-11,VAT,423,18
2020-04-12,VAT,457,19
2020-04-13,VAT,481,20
2020-04-14,VAT,500,21
2020-04-15,VAT,518,23
2020-04-08,VCT,8,0
2020-04-09,VCT,193,16
2020-04-10,VCT,282,16
2020-04-11,VCT,327,16
2020-04-12,VCT,351,16
2020-04-13,VCT,366,16
2020-04-14,VCT,375,16
2020-04-15,VCT,384,16
2020-04-08,VEN,167,9
2020-04-09,VEN,393,28
2020-04-10,VEN,533,33
2020-04-11,VEN,644,40
2020-04-12,VEN,773,49
2020-04-13,VEN,932,59
2020-04-14,VEN,1083,107
2020-04-15,VEN,1214,157
2020-04-08,VNM,251,0
2020-04-09,VNM,494,22
2020-04-10,VNM,647,25
2020-04-11,VNM,769,28
2020-04-12,VNM,894,32
2020-04-13,VNM,1038,37
2020-04-14,VNM,1207,44
2020-04-15,VNM,1409,51
2020-04-08,ZAF,1845,18
2020-04-09,ZAF,2003,63
2020-04-10,ZAF,2203,71
2020-04-11,ZAF,2443,80
2020-04-12,ZAF,2702,91
2020-04-13,ZAF,2960,104
2020-04-14,ZAF,3222,121
2020-04-15,ZAF,3472,139
2020-04-08,ZMB,39,1
2020-04-09,ZMB,218,17
2020-04-10,ZMB,308,17
2020-04-11,ZMB,357,17
2020-04-12,ZMB,387,18
2020-04-13,ZMB,405,18
2020-04-14,ZMB,421,18
2020-04-15,ZMB,434,19
2020-04-08,ZWE,11,3
2020-04-09,ZWE,218,18
2020-04-10,ZWE,326,19
2020-04-11,ZWE,389,19
2020-04-12,ZWE,432,20
2020-04-13,ZWE,466,20
2020-04-14,ZWE,497,21
2020-04-15,ZWE,528,22
